id,city,name_en,name_ko,category,mealSlot,styles,travelerTypes,lat,lng,duration_min,duration_typical,duration_max,priority,area,openHours_open,openHours_close,closedDays,description_en,description_ko,tips_en,tips_ko,photos,postSlug,googleMapsUrl,costAmount,costCurrency,tags,chain,booking_klook,booking_agoda,booking_mrt,booking_direct
tokyo-ikebukuro-sunshine-city,tokyo,Sunshine City,선샤인시티,sight,,activity|photo|budget|shopping|local|popular,solo|couple|friends|kids,35.7312663,139.7137806,60,90,150,2,ikebukuro,10:00,20:00,,"Ikebukuro complex packing a Pokémon Center, aquarium, and observatory into one building.","내부에 포켓몬 센터가 있고, 아쿠아리움과 전망대까지 모두 볼 수 있는 이케부쿠로 명소","Book the observatory and aquarium on Klook ahead of time|If you have time, pair with Chiikawa Park nearby",전망대와 아쿠아리움 티켓은 미리 클룩에서 구매 추천|가는 길에 치이카와 파크도 시간 되면 들러보기,,,"https://www.google.com/maps/place/@35.7312663,139.7137806,16.59z/data=!4m6!3m5!1s0x60188d6f134fd653:0x51eb1d42c77222c2!8m2!3d35.7289709!4d139.7195415!16zL20vMGRzM3lj?entry=ttu&g_ep=EgoyMDI2MDQxNS4wIKXMDSoASAFQAw%3D%3D",2000,JPY,,,https://www.klook.com/activity/14533-sky-circus-sunshine-sixty-observatory-experience-tokyo/?aid=118462,,,
tokyo-ikebukuro-animate,tokyo,Animate Ikebukuro,애니메이트,shopping,lunch,budget|shopping|local,solo|couple|friends|kids,35.7292022,139.7133729,30,45,60,3,ikebukuro,10:00,21:00,,A whole building of manga and anime merch.,만화와 애니메이션 관련 굿즈와 상품들을 한눈에 볼 수 있는 건물,,,,,"https://www.google.com/maps/place/%EC%95%A0%EB%8B%88%EB%A9%94%EC%9D%B4%ED%8A%B8+%EC%9D%B4%EC%BC%80%EB%B6%80%EC%BF%A0%EB%A1%9C%EB%B3%B8%EC%A0%90/@35.7292022,139.7133729,17z/data=!3m1!5s0x60188d6f1705cd87:0x5fb9b0e67c243e4!4m6!3m5!1s0x60188d6f4361458b:0x503df2e68ddac61a!8m2!3d35.7311443!4d139.7154592!16s%2Fg%2F1tf70y9x?entry=ttu&g_ep=EgoyMDI2MDQxNS4wIKXMDSoASAFQAw%3D%3D",0,JPY,,,,,,
tokyo-ikebukuro-mutakiya,tokyo,Mutekiya Ramen,무테키야,food,lunch,food|budget|local|popular,solo|couple|friends|kids,35.7292022,139.7133729,30,45,60,2,ikebukuro,10:30,4:00,,Ikebukuro's go-to ramen shop — the thick-cut chashu is the reason.,두툼하게 썬 차슈가 들어가는 이케부쿠로 대표 라멘 맛집,The foreign-language menu is marked up — order off the Japanese one|Skip peak hours and aim for 15:00-16:00,외국어 메뉴판이 더 비싸니 일본어 메뉴판으로 주문|메인 식사 시간대 피해서 오후 3~4시 방문 추천,,,"https://www.google.com/maps/place/%EB%AC%B4%ED%85%8C%ED%82%A4%EC%95%BC/@35.7292022,139.7133729,17z/data=!3m1!5s0x60188d68274d3f27:0xfdca62b758dfd24!4m6!3m5!1s0x60188d682708f977:0x829333b0d73eb2cd!8m2!3d35.7269046!4d139.7116557!16s%2Fg%2F11b72mlbrk?entry=ttu&g_ep=EgoyMDI2MDQxNS4wIKXMDSoASAFQAw%3D%3D",1500,JPY,,,,,,
tokyo-ikebukuro-junku-bookstore,tokyo,Junkudo Bookstore,준쿠도서점,sight,,shopping|local,solo|couple|friends|parents,35.7292022,139.7133729,30,45,60,3,ikebukuro,10:00,22:00,,A whole building of books — worth a wander if that's your thing.,일본의 대형 서점 문화가 궁금하면 한 번쯤 가볼만한 가치가 있는 곳,Clean restrooms and every genre — a decent break stop,"화장실도 깨끗하고, 여러 장르의 책을 다 볼 수 있음",,,"https://www.google.com/maps/place/%EC%A4%80%EC%BF%A0%EB%8F%84%EC%84%9C%EC%A0%90+%EC%9D%B4%EC%BC%80%EB%B6%80%EC%BF%A0%EB%A1%9C+%EB%B3%B8%EC%A0%90/@35.7292022,139.7133729,17z/data=!3m1!5s0x60188d6830f8d211:0x3d501361bbef99c4!4m6!3m5!1s0x60188d6830033bfb:0x95a8ebaa5d4ac31d!8m2!3d35.72684!4d139.712244!16s%2Fg%2F1tj89f2p?entry=ttu&g_ep=EgoyMDI2MDQxNS4wIKXMDSoASAFQAw%3D%3D",0,JPY,,junkudo,,,,
tokyo-ikebukuro-seibu-departmentstore,tokyo,Seibu Department Store,세이부백화점,shopping,,shopping|local,solo|couple|friends,35.7312663,139.7137806,30,60,90,4,ikebukuro,10:00,20:00,,Seibu's Ikebukuro department store — one of Japan's big retail names.,일본 대표 브랜드 중 하나인 세이부에서 만든 백화점,Less crowded than most Tokyo department stores|Bring your passport for the tax-free counter,다른 도쿄 백화점에 비해 여유로운 편|외국인은 여권 지참시 면세 혜택도 받을 수 있음,,,"https://www.google.com/maps/place/%EC%84%B8%EC%9D%B4%EB%B6%80%EB%B0%B1%ED%99%94%EC%A0%90+%EC%9D%B4%EC%BC%80%EB%B6%80%EC%BF%A0%EB%A1%9C+%EB%B3%B8%EC%A0%90/@35.7312663,139.7137806,16z/data=!3m1!5s0x60188d678b3c0589:0x284357a67c387abe!4m14!1m7!3m6!1s0x60188d6f134fd653:0x51eb1d42c77222c2!2z7ISg7IOk7J247Iuc7Yuw!8m2!3d35.7289709!4d139.7195415!16zL20vMGRzM3lj!3m5!1s0x60188d67fef93b19:0xcd9ac1373273ee1e!8m2!3d35.7287031!4d139.7118073!16s%2Fg%2F11b7cmjhhv?entry=ttu&g_ep=EgoyMDI2MDQxNS4wIKXMDSoASAFQAw%3D%3D",0,JPY,,,,,,
tokyo-ikebukuro-ciwicawa-park,tokyo,Chiikawa Park,치이카와 파크,experience,,activity|photo|culture|shopping|local|popular,couple|friends|kids,35.7312663,139.7137806,60,90,120,3,ikebukuro,10:00,21:00,,Interactive exhibit where you can meet the Chiikawa characters hands-on.,"치이카와 캐릭터들을 만지고, 교감할 수 있는 인터랙티브 전시 공간",Timed slots sell out — buy on Klook for a specific window|Student discount with a valid ID,현장 매진이 많으니 입장권은 미리 클룩에서 시간대별로 구매 필요|학생은 학생증 있으면 할인 가능,,,"https://www.google.com/maps/place/@35.7312663,139.7137806,16z/data=!4m14!1m7!3m6!1s0x60188d6f134fd653:0x51eb1d42c77222c2!2z7ISg7IOk7J247Iuc7Yuw!8m2!3d35.7289709!4d139.7195415!16zL20vMGRzM3lj!3m5!1s0x60188d006f3d976b:0xc471e5c44aa64c5a!8m2!3d35.7298877!4d139.7173039!16s%2Fg%2F11ydqt0hl4?entry=ttu&g_ep=EgoyMDI2MDQxNS4wIKXMDSoASAFQAw%3D%3D",3500,JPY,,,https://www.klook.com/activity/171099-chiikawa-park/?aid=118462,,,
tokyo-ikebukuro-motomura-kyuaksu,tokyo,Gyukatsu Motomura Ikebukuro,규카츠 모토무라 이케부쿠로점,food,dinner,activity|food|photo|culture|nature|shopping|local|popular,solo|couple|friends|parents|kids,35.7281898,139.7132371,45,60,75,3,ikebukuro,11:00,22:00,,Ikebukuro branch of Gyukatsu Motomura — the gyukatsu chain you see all over Japan.,일본 전역에서 유명한 규카츠 모토무라의 이케부쿠로 지점,Free rice refills — finish the meal as ochazuke|Expect a queue at most hours,"밥 리필도 가능하고, 오차즈케도 만들어 먹을 수 있음|보통 대부분의 시간대에 웨이팅 있음",,,"https://www.google.com/maps/place/%EA%B7%9C%EC%B9%B4%EC%B8%A0+%EB%AA%A8%ED%86%A0%EB%AC%B4%EB%9D%BC+%EC%9D%B4%EC%BC%80%EB%B6%80%EC%BF%A0%EB%A1%9C%EC%A0%90/@35.7281898,139.7132371,17.21z/data=!3m1!5s0x60188d682933d227:0x660157cd61439851!4m6!3m5!1s0x60188d682dbbb4f7:0xa96ea78d1ec02a40!8m2!3d35.7265638!4d139.7119006!16s%2Fg%2F11g8cr2xzy?entry=ttu&g_ep=EgoyMDI2MDQxNS4wIKXMDSoASAFQAw%3D%3D",2500,JPY,,,,,,
tokyo-ikebukuro-iroha,tokyo,Gyukatsu Iroha,규카츠 이로하,food,dinner,activity|food|photo|culture|nature|shopping|local|popular,solo|couple|friends|parents|kids,35.7292022,139.7133729,45,60,75,3,ikebukuro,11:00,22:00,,Ikebukuro gyukatsu spot with a near-constant queue.,웨이팅 항상 있는 이케부쿠로 규카츠 맛집,Drink sets cheaper than the competing chains,드링크 세트가 다른 곳에 비해 저렴한 편,,,"https://www.google.com/maps/place/%EA%B7%9C%EC%B9%B4%EC%B8%A0+%EC%9D%B4%EB%A1%9C%ED%95%98/@35.7292022,139.7133729,17z/data=!3m1!5s0x60188d6652779049:0x12025a14d221114e!4m6!3m5!1s0x60188d6669e322b9:0x5184c453c1695e16!8m2!3d35.7311781!4d139.7143173!16s%2Fg%2F11b75qmgxy?entry=ttu&g_ep=EgoyMDI2MDQxNS4wIKXMDSoASAFQAw%3D%3D",3000,JPY,,,,,,
tokyo-ikebukuro-photin,tokyo,Pho Thin Tokyo,퍼 틴 도쿄,food,lunch,activity|food|photo|culture|nature|shopping|local|popular,solo|couple|friends|parents|kids,35.7292022,139.7133729,45,60,75,3,ikebukuro,11:00,21:00,,Vietnamese pho — a break from the Japanese food.,일본 음식이 질려 베트남 음식 먹을 때 가기 좋은 곳,Pick size and cilantro-yes/no when ordering,"사이즈, 고수 유무도 미리 선택 가능",,,"https://www.google.com/maps/place/%ED%8D%BC+%ED%8B%B4+%EB%8F%84%EC%BF%84/@35.7292022,139.7133729,17z/data=!3m1!5s0x60188d68833bb9e1:0x1459a0151a897cf0!4m6!3m5!1s0x60188da5fe7e3d7f:0xf20a15c8046bc55e!8m2!3d35.7294032!4d139.7146096!16s%2Fg%2F11fk1dkp68?entry=ttu&g_ep=EgoyMDI2MDQxNS4wIKXMDSoASAFQAw%3D%3D",1000,JPY,,,,,,
tokyo-ikebukuro-yakiniku-hormon-hutago,tokyo,Osaka Yakiniku Hormone Futago Ikebukuro,오사카 야키니쿠・호르몬 후타고 이케부쿠로,food,dinner,activity|food|photo|culture|nature|shopping|local|popular,solo|couple|friends|parents|kids,35.7305561,139.7122864,60,90,120,3,ikebukuro,17:00,0:00,,Easygoing yakiniku — the staff do the grilling.,종업원이 직접 구워주는 편안한 야키니쿠 맛집,,,,,"https://www.google.com/maps/place/%EC%98%A4%EC%82%AC%EC%B9%B4+%EC%95%BC%ED%82%A4%EB%8B%88%EC%BF%A0%E3%83%BB%ED%98%B8%EB%A5%B4%EB%AA%AC+%ED%9B%84%ED%83%80%EA%B3%A0+%EC%9D%B4%EC%BC%80%EB%B6%80%EC%BF%A0%EB%A1%9C+%EC%84%9C%EC%AA%BD+%EC%B6%9C%EA%B5%AC/@35.7305561,139.7122864,17.72z/data=!4m6!3m5!1s0x60188d5def19eb91:0xff7c4a3dbb1f57cb!8m2!3d35.7319349!4d139.7106326!16s%2Fg%2F11cs1sgl5y?entry=ttu&g_ep=EgoyMDI2MDQxNS4wIKXMDSoASAFQAw%3D%3D",4000,JPY,,,,,,
tokyo-odaiba-disneyland,tokyo,Tokyo Disneyland,도쿄 디즈니랜드,experience,,activity|photo|shopping|local|popular,couple|friends|kids,35.6295548,139.8817799,360,480,600,2,odaiba,9:00,21:00,,Asia's flagship Disneyland. Easy subway ride from central Tokyo.,아시아의 대표 디즈니랜드. 도쿄 시내에서 편하게 지하철로 이동 가능,Grab a paid DPA for top rides like Beauty and the Beast|DPAs go on first-come basis — rope-drop the park|Full writeup and photos linked in the guide below,미녀와 야수와 같은 인기 어트랙션은 DPA 필수|DPA 구매도 선착순이기 때문에 오픈런 필요|자세한 후기와 팁은 아래 가이드 참고,,tokyo-disneyland-guide,"https://www.google.com/maps/place/%EB%8F%84%EC%BF%84+%EB%94%94%EC%A6%88%EB%8B%88%EB%9E%9C%EB%93%9C/@35.6295548,139.8817799,15.99z/data=!4m6!3m5!1s0x60187d03114737b3:0xe4d93636d509d3cb!8m2!3d35.6328964!4d139.8803943!16zL20vMDQ0ejFu?entry=ttu&g_ep=EgoyMDI2MDQxNS4wIKXMDSoASAFQAw%3D%3D",15000,JPY,,,https://www.klook.com/activity/695-tokyo-disney-resort-1-day-pass-tokyo/?aid=118462,,,
tokyo-odaiba-disneysea,tokyo,Tokyo DisneySea,도쿄 디즈니씨,experience,,activity|photo|shopping|local|popular,couple|friends|kids,35.6295548,139.8817799,360,480,600,2,odaiba,9:00,21:00,,"Disney's more adult, ocean-themed park — heavier on the thrill rides than Disneyland.",디즈니랜드와 달리 조금 더 스릴 넘치는 어트랙션이 있는 디즈니 테마파크,"Separate park from Disneyland — needs its own ticket|From Maihama Station you transfer to the resort monorail|DPAs are sold only after entry, with a daily cap — arrive early","디즈니랜드와 다른 파크 — 입장권을 따로 사야 가능|마이하마역에서 모노레일 타고 이동 필요|DPA는 입장 후에 구매 가능, 한정 수량이라 오픈런 권장",,tokyo-disneysea-guide,"https://www.google.com/maps/place/%EB%8F%84%EC%BF%84+%EB%94%94%EC%A6%88%EB%8B%88%EC%94%A8/@35.6295548,139.8817799,15.99z/data=!4m6!3m5!1s0x60187d03114737b3:0x41471d704ab72d25!8m2!3d35.6267108!4d139.8850779!16zL20vMDRjN3R0?entry=ttu&g_ep=EgoyMDI2MDQxNS4wIKXMDSoASAFQAw%3D%3D",15000,JPY,,,https://www.klook.com/activity/695-tokyo-disney-resort-1-day-pass-tokyo/?aid=118462,,,
tokyo-odaiba-statueofliverty,tokyo,Statue of Liberty (Odaiba),자유의 여신상,sight,,photo|budget|shopping|local,solo|couple|friends|parents|kids,35.6310174,139.7869674,30,45,60,3,odaiba,,,,Odaiba's replica Statue of Liberty — the classic photo angle with Tokyo's skyline behind.,도쿄 시내를 배경으로 자유의 여신상 사진을 찍을 수 있는 곳,,,,,"https://www.google.com/maps/place/%EC%9E%90%EC%9C%A0%EC%9D%98+%EC%97%AC%EC%8B%A0%EC%83%81/@35.6310174,139.7869674,15.54z/data=!3m1!5s0x60188a1dec01238b:0xd6b1486c9dbf4159!4m6!3m5!1s0x60188be32451f7a7:0xbc7e67300e8691a3!8m2!3d35.6278727!4d139.7718346!16s%2Fg%2F11r8wpcq09?entry=ttu&g_ep=EgoyMDI2MDQxNS4wIKXMDSoASAFQAw%3D%3D",0,JPY,,,,,,
tokyo-odaiba-beach-park,tokyo,Odaiba Seaside Park,오다이바 해변공원,sight,,photo|budget|nature|local,solo|couple|friends|parents|kids,35.6274509,139.7750562,30,45,60,3,odaiba,,,,Waterfront park — best after dark for the skyline.,야경 드라이브 하러 가면 좋은 해변 공원,Go after sunset for the night view,저녁에 야경 보러 가는 것을 추천,,,"https://www.google.com/maps/place/%EC%98%A4%EB%8B%A4%EC%9D%B4%EB%B0%94+%ED%95%B4%EB%B3%80+%EA%B3%B5%EC%9B%90/@35.6274509,139.7750562,16.94z/data=!4m6!3m5!1s0x601889f608caf315:0x205d22764d0e744f!8m2!3d35.6288912!4d139.7736832!16s%2Fg%2F11c0xqfq3j?entry=ttu&g_ep=EgoyMDI2MDQxNS4wIKXMDSoASAFQAw%3D%3D",0,JPY,,,,,,
tokyo-odaiba-gundambase,tokyo,Gundam Base Tokyo,건담베이스,sight,,photo|budget|shopping|local,solo|couple|friends|kids,35.6310174,139.7869674,30,45,60,3,odaiba,11:00,20:00,,Official Gundam merch store.,건담 애니메이션의 프랜차이즈 매장,Don't skip a photo with the life-size Gundam out front,외부에 있는 거댛나 건담 피규어와 사진 찍는 게 필수 코스,,,"https://www.google.com/maps/place/%EA%B1%B4%EB%8B%B4%EB%B2%A0%EC%9D%B4%EC%8A%A4+%EB%8F%84%EC%BF%84/@35.6310174,139.7869674,15.54z/data=!3m1!5s0x601889f9d3afd357:0x4ceb5b05cd94f9fd!4m6!3m5!1s0x601889f9d3522d23:0xf850caf38214ddd9!8m2!3d35.6254768!4d139.7761383!16s%2Fg%2F11b76cg4_j?entry=ttu&g_ep=EgoyMDI2MDQxNS4wIKXMDSoASAFQAw%3D%3D",0,JPY,,,,,,
tokyo-odaiba-teamlabplanet,tokyo,teamLab Planets,팀랩플래닛,experience,,activity|photo|popular,solo|couple|friends|parents|kids,35.6452231,139.7809887,60,90,120,1,odaiba,8:30,22:00,,Immersive digital art from the teamLab collective — the water-wading room is the signature.,일본 디지털 아트 그룹 팀랩에서 만든 체험형 전시 공간,Tickets sell out a week ahead — book on Klook|Entry is exactly at your slot — arriving early doesn't help|More hands-on than Borderless and the busier of the two,입장권은 일주일 전에 매진되니 미리 클룩에서 예약|예약 시간 정각에 입장 시작 — 일찍 가도 입장 안 됨|보더리스보다 체험형이 강하고 인기 많음,,tokyo-teamlab-borderless-planets-guide,"https://www.google.com/maps/place/%ED%8C%80%EB%9E%A9+%ED%94%8C%EB%9E%98%EB%8B%9B+%EB%8F%84%EC%BF%84/@35.6452231,139.7809887,15.87z/data=!4m6!3m5!1s0x60188908e728e749:0x6de450c94bd3d622!8m2!3d35.6491207!4d139.7897739!16s%2Fg%2F11ghxr0p5m?entry=ttu&g_ep=EgoyMDI2MDQxNS4wIKXMDSoASAFQAw%3D%3D",3600,JPY,,,https://www.klook.com/activity/25300-teamlab-planets-toyosu-tokyo-ticket/?aid=118462,,,
tokyo-odaiba-dipgarden-teraace,tokyo,Dipgarden Terrace Ariake Garden,Dipgarden Terrace Ariake Garden,food,dinner,activity|food|photo|culture|nature|shopping|local|popular,solo|couple|friends|parents|kids,35.6456344,139.7842253,45,60,75,3,odaiba,11:00,22:30,,Indian and Nepalese food in an Odaiba garden terrace.,일본에서 인도와 네팔 요리를 즐길 수 있는 곳,,,,,"https://www.google.com/maps/place/Dipgarden+TERRACE+Ariake+Garden/@35.6456344,139.7842253,15.59z/data=!3m1!5s0x601889c1df84d3b5:0x3257cebb6c84d60!4m6!3m5!1s0x601889c5fe211aff:0xbf4972f8dce4dd9f!8m2!3d35.6384963!4d139.7930083!16s%2Fg%2F11j8qnms9t?entry=ttu&g_ep=EgoyMDI2MDQxNS4wIKXMDSoASAFQAw%3D%3D",2000,JPY,,,,,,
tokyo-asakusa-skytree-tower,tokyo,Tokyo Skytree,스카이트리 타워,sight,,photo|culture|shopping|popular,solo|couple|friends|parents|kids,35.7121987,139.8035792,60,90,120,1,asakusa,10:00,22:00,,"The 634m Tokyo Skytree — two decks, Tembo Deck at 350m and Tembo Galleria at 450m.",634m 높이 도쿄 스카이트리 전망대. 텐보데크(350m)와 텐보갤러리아(450m) 2단계 구성,Arrive an hour before sunset — the lift to Galleria has a long queue|Buy the combo ticket that covers the upper deck|Allow an hour — the floors are more complex than they look,일몰 시간 1시간 전 입장 — 덴보데크에서 갤러리아 가는 엘리베이터 대기가 김|가장 위층까지 가는 통합 티켓으로 구매 추천|내부 동선 복잡해 최소 1시간은 잡고 방문,,tokyo-skytree-observatory-guide,"https://www.google.com/maps/place/%EB%8F%84%EC%BF%84+%EC%8A%A4%EC%B9%B4%EC%9D%B4%ED%8A%B8%EB%A6%AC/@35.7121987,139.8035792,16.3z/data=!3m1!5s0x60188ed65efdab8f:0x73c3daecfb7877f2!4m6!3m5!1s0x60188ed0d12f9adf:0x7d1d4fb31f43f72a!8m2!3d35.7100627!4d139.8107004!16zL20vMDd0aGty?entry=ttu&g_ep=EgoyMDI2MDQxNS4wIKXMDSoASAFQAw%3D%3D",2000,JPY,,,https://www.klook.com/activity/41352-tokyo-skytree/?aid=118462,,,
tokyo-asakusa-asahi,tokyo,Asahi Group Headquarters,아사히그룹 본사,food,snack,activity|food|photo|local|popular,solo|couple|friends|parents,35.7121987,139.8035792,60,90,120,2,asakusa,11:30,22:00,,Asahi Beer's headquarters — the one with the gold flame.,일본에서 가장 유명한 맥주 브랜드인 아사히 맥주의 본사,A pint of Asahi at the top-floor lookout is the move|Queue for the lookout is long — the in-building restaurants work too,전망대에서 아사히 맥주를 먹는 게 핵심 코스|웨이팅이 길어 오히려 내부 식당에서 식사하는 걸 추천,,,"https://www.google.com/maps/place/%EC%95%84%EC%82%AC%ED%9E%88+%EA%B7%B8%EB%A3%B9+%EB%B3%B8%EC%82%AC/@35.7121987,139.8035792,16.3z/data=!3m1!5s0x60188ec59a056e13:0x3260aa2b77b05d8f!4m6!3m5!1s0x60188ec597400001:0xed63aa75e03d5f0f!8m2!3d35.7099095!4d139.8002747!16s%2Fm%2F03cqpd5?entry=ttu&g_ep=EgoyMDI2MDQxNS4wIKXMDSoASAFQAw%3D%3D",1500,JPY,,,,,,
tokyo-asakusa-nakamisetori,tokyo,Nakamise-dori,나카미세토리,sight,,activity|food|photo|budget|culture|shopping|local|popular,solo|couple|friends|parents|kids,35.7130743,139.7974184,30,60,90,2,asakusa,,,,The main souvenir-and-snack street leading from Asakusa to Senso-ji.,아사쿠사에서 센소지로 이어지는 대표적이 기념품 거리,Packed all day — arrive early morning for a calm walk,오전부터 오후까지 관광객이 많아 이른 아침에 가면 여유로움,,,"https://www.google.com/maps/place/%EB%82%98%EC%B9%B4%EB%AF%B8%EC%84%B8%EB%8F%84%EB%A6%AC/@35.7130743,139.7974184,17.27z/data=!4m6!3m5!1s0x60188ec130fbdd3d:0x5135221a7fa19dbc!8m2!3d35.7118413!4d139.7964542!16s%2Fg%2F11rg73mbfv?entry=ttu&g_ep=EgoyMDI2MDQxNS4wIKXMDSoASAFQAw%3D%3D",0,JPY,,,,,,
tokyo-asakusa-sensoji,tokyo,Senso-ji Temple,센소지,sight,,activity|photo|budget|culture|nature|local|popular,solo|couple|friends|parents|kids,35.7130743,139.7974184,30,60,90,1,asakusa,,,,Tokyo's oldest temple — famous for the Kaminarimon lantern and the Nakamise street leading up to it.,도쿄에서 가장 오래된 사찰. 카미나리몬 대등과 나카미세 쇼핑거리로 유명,Early morning is quiet — main hall opens 06:00 (06:30 in winter)|Free entry — main hall closes at 17:00|Grab snacks and souvenirs along Nakamise-dori on the way in,이른 아침이 한적 — 6시부터 본당 개방 (겨울 6:30)|입장료 무료 — 본당 마감은 오후 5시|나카미세에서 길거리 간식·기념품 쇼핑,,,"https://www.google.com/maps/place/%EC%84%BC%EC%86%8C%EC%A7%80/@35.7130743,139.7974184,17.27z/data=!4m6!3m5!1s0x60188ec1a4463df1:0x6c0d289a8292810d!8m2!3d35.7147651!4d139.7966553!16zL20vMDNrOTg3?entry=ttu&g_ep=EgoyMDI2MDQxNS4wIKXMDSoASAFQAw%3D%3D",0,JPY,,,,,,
tokyo-asakusa-asakusamenchi,tokyo,Asakusa Menchi,아사쿠사멘치,food,snack,food|budget|local|popular,solo|couple|friends|parents|kids,35.7130743,139.7974184,15,30,45,3,asakusa,10:00,19:00,,Classic street-food stop in front of Senso-ji — menchi-katsu beef cutlets.,센소지 앞 대표적인 군것질 맛집 중 하나,The queue looks long but moves fast,웨이팅이 조금 있으나 생각보다 빠르게 줄이 빠짐,,,"https://www.google.com/maps/place/%EC%95%84%EC%82%AC%EC%BF%A0%EC%82%AC+%EB%A9%98%EC%B9%98/@35.7130743,139.7974184,17.27z/data=!4m6!3m5!1s0x60188ec121f3c5d5:0x9fe1c9087625b6c6!8m2!3d35.7129114!4d139.7960553!16s%2Fg%2F1tgdcdnb?entry=ttu&g_ep=EgoyMDI2MDQxNS4wIKXMDSoASAFQAw%3D%3D",1000,JPY,,,,,,
tokyo-asakusa-richshaw,tokyo,Asakusa Rickshaw Ride,인력거,experience,,activity|photo|budget|culture|nature,solo|couple|friends|parents|kids,35.7123338,139.7970103,30,60,90,2,asakusa,,,,"Rickshaw tour through Asakusa — classic experience, not cheap.",아사쿠사 대표 체험 중 하나. 가격은 다소 비싼 편,"Around ¥10,000 for two people, 30 minutes|Pick the route yourself","2명이 이용하면 30분에 10,000엔|코스는 직접 선택 가능",,,"https://www.google.com/maps/place/%EC%B9%B4%EB%AF%B8%EB%82%98%EB%A6%AC%EB%AA%AC/@35.7123338,139.7970103,17.9z/data=!3m1!5s0x60188ec7317b39ad:0x328c7121f66ac5b5!4m6!3m5!1s0x60188ec6db068cd1:0xd9a856805c8012bd!8m2!3d35.7111163!4d139.7963656!16s%2Fm%2F03wc6qd?entry=ttu&g_ep=EgoyMDI2MDQxNS4wIKXMDSoASAFQAw%3D%3D",5000,JPY,,,,,,
tokyo-asakusa-kobebeefwagyu-kanana,tokyo,Kobe Beef Wagyu Katana,Kobe Beef Wagyu Katana,food,dinner,activity|food|photo|culture|nature|shopping|local|popular,couple|friends|parents|kids,35.7123338,139.7970103,45,60,75,3,asakusa,11:00,22:00,,Quality wagyu steak in Asakusa.,퀄리티 좋은 와규 스테이크륾 먹기 좋은 맛집,,,,,"https://www.google.com/maps/place/Kobe+Beef+Wagyu+Katana+Asakusa+No.+2+Branch/@35.7123338,139.7970103,17.9z/data=!4m6!3m5!1s0x60188fcb90588395:0x31112875e51d0a0a!8m2!3d35.7121756!4d139.7945351!16s%2Fg%2F11wn42_1nx?entry=ttu&g_ep=EgoyMDI2MDQxNS4wIKXMDSoASAFQAw%3D%3D",10000,JPY,,,,,,
tokyo-asakusa-okonomiyaki-monzasiraiwa,tokyo,Okonomiyaki Monja Shiraiwa,오코노미야키 몬자시라이와,food,dinner,activity|food|photo|culture|nature|shopping|local|popular,solo|couple|friends|parents|kids,35.7123338,139.7970103,45,60,75,3,asakusa,11:00,22:30,,One of Asakusa's reliable monjayaki stops.,아사쿠사 대표 몬자야키 맛집 중 하나,Takes cards and welcomes solo diners,카드 결제도 가능하고 혼자 오는 여행객도 가능,,,"https://www.google.com/maps/place/%EC%98%A4%EC%BD%94%EB%85%B8%EB%AF%B8%EC%95%BC%ED%82%A4+%EB%AA%AC%EC%9E%90%EC%8B%9C%EB%9D%BC%EC%9D%B4%EC%99%80/@35.7123338,139.7970103,17.9z/data=!4m6!3m5!1s0x60188f24f7f3cd9f:0x4c727d0a1a3ad8ec!8m2!3d35.7120013!4d139.795855!16s%2Fg%2F11strc12zk?entry=ttu&g_ep=EgoyMDI2MDQxNS4wIKXMDSoASAFQAw%3D%3D",2000,JPY,,,,,,
tokyo-asakusa-jenya,tokyo,Asakusa Monja Zenya,아사쿠사몬쟈 젠야,food,dinner,activity|food|photo|culture|nature|shopping|local|popular,solo|couple|friends|parents|kids,35.7123338,139.7970103,45,60,75,4,asakusa,10:30,23:00,,"Asakusa monjayaki known for friendly, patient staff.",아사쿠사에서 친절한 걸로 유명한 몬자야키 맛집,Expect a wait — go off-peak,웨이팅이 있는 편이라 애매한 시간대에 가는 걸 추천,,,"https://www.google.com/maps/place/%EC%95%84%EC%82%AC%EC%BF%A0%EC%82%AC%EB%AA%AC%EC%9F%88+%EC%A0%A0%EC%95%BC/@35.7123338,139.7970103,17.9z/data=!4m6!3m5!1s0x60188f94214a97d1:0x3c076a3a331db8c9!8m2!3d35.7119523!4d139.7952496!16s%2Fg%2F11f6drv_hz?entry=ttu&g_ep=EgoyMDI2MDQxNS4wIKXMDSoASAFQAw%3D%3D",2000,JPY,,,,,,
tokyo-asakusa-monjakato,tokyo,Monja Katō,Monja Katō,food,lunch,activity|food|photo|culture|nature|shopping|local|popular,solo|couple|friends|parents|kids,35.7123338,139.7970103,45,60,75,4,asakusa,10:30,23:00,,Another of Asakusa's signature monjayaki spots.,아사쿠사 대표 몬자야키 맛집 중 하나,,,,,"https://www.google.com/maps/place/Monja+Kat%C5%8D/@35.7123338,139.7970103,17.9z/data=!4m6!3m5!1s0x60188f006a3cc7dd:0x79d24f279f5ae91!8m2!3d35.7115998!4d139.7953079!16s%2Fg%2F11y5ffxgg1?entry=ttu&g_ep=EgoyMDI2MDQxNS4wIKXMDSoASAFQAw%3D%3D",3000,JPY,,,,,,
tokyo-asakusa-kyotogatzuku,tokyo,Gyukatsu Kyoto Katsugyu Asakusa Orange Street,규카츠 교토가츠규 아사쿠사 오렌지스트리트점,food,lunch,activity|food|photo|culture|nature|shopping|local|popular,solo|couple|friends|parents|kids,35.7123338,139.7970103,45,60,75,3,asakusa,10:30,22:30,,Gyukatsu spot with a near-constant lunchtime queue.,낮에는 항상 웨이팅이 있는 규카츠 맛집,Late evening is the easy entry window,늦은 저녁에 가면 웨이팅이 없음,,,"https://www.google.com/maps/place/%EA%B7%9C%EC%B9%B4%EC%B8%A0+%EA%B5%90%ED%86%A0%EA%B0%80%EC%B8%A0%EA%B7%9C+%EC%95%84%EC%82%AC%EC%BF%A0%EC%82%AC+%EC%98%A4%EB%A0%8C%EC%A7%80%EC%8A%A4%ED%8A%B8%EB%A6%AC%ED%8A%B8%EC%A0%90/@35.7123338,139.7970103,17.9z/data=!4m6!3m5!1s0x60188fe7c650ca47:0x513ba5c11498ece6!8m2!3d35.7115624!4d139.7946334!16s%2Fg%2F11wwpj_fp0?entry=ttu&g_ep=EgoyMDI2MDQxNS4wIKXMDSoASAFQAw%3D%3D",3000,JPY,,,,,,
tokyo-asakusa-asakusa-gyukatsu,tokyo,Asakusa Gyukatsu,아사쿠사 규카츠,food,lunch,activity|food|photo|culture|nature|shopping|local|popular,solo|couple|friends|parents|kids,35.7123338,139.7970103,45,60,75,3,asakusa,11:00,22:00,,Asakusa gyukatsu with shorter waits than most.,아사쿠사 내에서 비교적 웨이팅이 적은 규카츠 맛집,The main branch is actually in Kyoto,교토에 본점이 유명,,,"https://www.google.com/maps/place/%EC%95%84%EC%82%AC%EC%BF%A0%EC%82%AC+%EA%B7%9C%EC%B9%B4%EC%B8%A0/@35.7123338,139.7970103,17.9z/data=!3m1!5s0x60188ec74eef50d9:0xca11d238751f82c4!4m6!3m5!1s0x60188ec6df6c0001:0xd205e882474ee0a0!8m2!3d35.7107673!4d139.7959519!16s%2Fg%2F11b6trhbg9?entry=ttu&g_ep=EgoyMDI2MDQxNS4wIKXMDSoASAFQAw%3D%3D",3000,JPY,,,,,,
tokyo-asakusa-nadai-unatoto,tokyo,Nadai Unatoto Asakusa,나다이 우나토토 아사쿠사점,food,dinner,activity|food|photo|culture|nature|shopping|local|popular,solo|couple|friends|parents|kids,35.7116367,139.7958004,45,60,75,3,asakusa,10:00,22:00,,Affordable unagi in Asakusa — cheap for the category.,아사쿠사에서 장어 요리 먹고 싶을 때 가기 좋은 곳,Priced well below typical unagi restaurants,장어 요리인데 가격이 저렴한 편,,,"https://www.google.com/maps/place/%EB%82%98%EB%8B%A4%EC%9D%B4+%EC%9A%B0%EB%82%98%ED%86%A0%ED%86%A0+%EC%95%84%EC%82%AC%EC%BF%A0%EC%82%AC%EC%A0%90/@35.7116367,139.7958004,18.88z/data=!3m1!5s0x60188ec6af987ac5:0x150810baf6c165da!4m14!1m7!3m6!1s0x60188ec0da0d936b:0x7da921915f4c57e4!2z7L2U7JW864KY6riw!8m2!3d35.7122038!4d139.7955239!16s%2Fg%2F1tdh3w88!3m5!1s0x60188ec6af08142b:0xacb913594c4f2e02!8m2!3d35.712015!4d139.797945!16s%2Fg%2F1tgdcdnd?entry=ttu&g_ep=EgoyMDI2MDQxNS4wIKXMDSoASAFQAw%3D%3D",1500,JPY,,unatoto,,,,
tokyo-asakusa-tonkatsu-toyama,tokyo,Tonkatsu Toyama,Tonkatsu Toyama,food,lunch,activity|food|photo|culture|nature|shopping|local|popular,solo|couple|friends|parents|kids,35.712392,139.7958347,45,60,75,3,asakusa,11:00,21:30,,Quick tonkatsu stop.,간단히 돈까스 먹고 싶을 때 가기 좋은 맛집,,,,,"https://www.google.com/maps/place/Tonkatsu+Toyama/@35.712392,139.7958347,18.59z/data=!4m6!3m5!1s0x60188ec6aa15b325:0xca6a08c18b213327!8m2!3d35.7125072!4d139.7984392!16s%2Fg%2F11b7ld44wb?entry=ttu&g_ep=EgoyMDI2MDQxNS4wIKXMDSoASAFQAw%3D%3D",1500,JPY,,,,,,
tokyo-ueno-zoo,tokyo,Ueno Zoo,우에노 동물원,experience,,activity|photo|budget|culture|nature|local|popular,couple|friends|kids,35.7146278,139.7761821,60,120,180,2,ueno,9:30,17:00,1,The zoo Tokyo families actually bring their kids to.,일본 현지인들도 가족들과 함꼐 가는 동물원,The giant pandas are the draw|Buy tickets on Klook ahead of time,자이언트 판다가 유명|클룩에서 미리 편하게 티켓 구매 가능,,,"https://www.google.com/maps/place/%EC%9A%B0%EC%97%90%EB%85%B8+%EB%8F%99%EB%AC%BC%EC%9B%90/@35.7146278,139.7761821,16.32z/data=!4m6!3m5!1s0x60188c28f7766d7f:0x76b8b5efa1988ef4!8m2!3d35.7160153!4d139.772882!16zL20vMDN6Zm5t?entry=ttu&g_ep=EgoyMDI2MDQxNS4wIKXMDSoASAFQAw%3D%3D",500,JPY,,,,,,
tokyo-ueno-park,tokyo,Ueno Park,우에노 공원,park,,activity|photo|budget|culture|nature|local|popular,solo|couple|friends|parents|kids,35.7146278,139.7761821,60,90,120,1,ueno,,,,Central Tokyo's big public park.,도쿄 도시 안에 있는 대표적인 공원,Cherry blossoms in spring|Pair with the museums and zoo for a full Ueno day,"봄에 가면 벚꽃을 보는 것으로 유명|박물관, 미술관, 동물원을 함께 가면 좋은 코스",,,"https://www.google.com/maps/place/%EC%9A%B0%EC%97%90%EB%85%B8+%EA%B3%B5%EC%9B%90/@35.7146278,139.7761821,16.32z/data=!4m6!3m5!1s0x60188e9b45906ac3:0xb1cb3623124e645a!8m2!3d35.7147557!4d139.7734312!16zL20vMDJ5NWdk?entry=ttu&g_ep=EgoyMDI2MDQxNS4wIKXMDSoASAFQAw%3D%3D",0,JPY,,,,,,
tokyo-ueno-park-starkbucks,tokyo,Starbucks Ueno Park,우에노 공원 스타벅스,cafe,snack,activity|food|photo|culture|nature|shopping|local|popular,solo|couple|friends|parents|kids,35.7153683,139.774536,45,60,75,2,ueno,8:00,21:00,,The Starbucks inside Ueno Park — worth the seat if you get one.,우에노 공원 안에 있는 분위기 좋은 스타벅스,,,,,"https://www.google.com/maps/place/%EC%8A%A4%ED%83%80%EB%B2%85%EC%8A%A4+%EC%9A%B0%EC%97%90%EB%85%B8+%EA%B3%B5%EC%9B%90%EC%A0%90/@35.7153683,139.774536,17.94z/data=!4m6!3m5!1s0x60188e9d4d0d5655:0x92ab8269cc00ebb8!8m2!3d35.7161992!4d139.7740332!16s%2Fg%2F1hf4bzdy2?entry=ttu&g_ep=EgoyMDI2MDQxNS4wIKXMDSoASAFQAw%3D%3D",500,JPY,,starbucks,,,,
tokyo-ueno-national-museum,tokyo,Tokyo National Museum,도쿄 국립박물관,experience,,photo|budget|culture,solo|couple|friends|parents|kids,35.7146278,139.7761821,60,120,180,2,ueno,9:30,17:00,1,Japan's flagship museum — Japanese and Asian art and artifacts.,"일본, 아시아 작품들이 모여 있는 일본 대표 박물관",Closed Mondays — plan around it,월요일은 휴무이기 때문에 일정 짤 때 유의,,,"https://www.google.com/maps/place/%EB%8F%84%EC%BF%84+%EA%B5%AD%EB%A6%BD%EB%B0%95%EB%AC%BC%EA%B4%80/@35.7146278,139.7761821,16.32z/data=!3m1!5s0x60188e83526c6cb9:0x4efc1e737b7cad1a!4m6!3m5!1s0x60188e8314d77d11:0x232fd618bd4977dd!8m2!3d35.7188351!4d139.7765215!16zL20vMDVzazVn?entry=ttu&g_ep=EgoyMDI2MDQxNS4wIKXMDSoASAFQAw%3D%3D",1000,JPY,,,https://www.klook.com/activity/115796-tokyo-national-museum/?aid=118462,,,
tokyo-ueno-science-museum,tokyo,National Museum of Nature and Science,국립 과학박물관,experience,,photo|budget|culture,solo|couple|friends|kids,35.7146278,139.7761821,60,90,120,4,ueno,9:00,17:00,1,National science museum — plan 3+ hours if you want to see it properly.,국립 박물관이라 꼼꼼히 보려면 3시간은 걸리는 과학 박물관,Closed Mondays — plan around it,월요일은 휴무이기 때문에 일정 짤 때 유의,,,"https://www.google.com/maps/place/%EA%B5%AD%EB%A6%BD%EA%B3%BC%ED%95%99%EB%B0%95%EB%AC%BC%EA%B4%80/@35.7146278,139.7761821,16.32z/data=!3m1!5s0x60188e9c60202303:0x62418cdaee37d8df!4m6!3m5!1s0x60188e9ceba15bf1:0x89884580e40b3eca!8m2!3d35.7164273!4d139.7763336!16zL20vMDd2M3Zk?entry=ttu&g_ep=EgoyMDI2MDQxNS4wIKXMDSoASAFQAw%3D%3D",630,JPY,,,https://www.klook.com/activity/38549-national-museum-nature-science-ticket-tokyo/?aid=118462,,,
tokyo-ueno-western-museum,tokyo,National Museum of Western Art,국립 서양미술관,experience,,photo|budget|culture,solo|couple|friends|parents,35.7155297,139.7743114,60,90,120,3,ueno,9:30,17:30,1,"Western art museum — Van Gogh, Monet, and Picasso on the walls.","반 고흐, 모네, 피카소 작품이 전시되어 있는 서양 미술관",Closed Mondays — plan around it,월요일은 휴무이기 때문에 일정 짤 때 유의,,,"https://www.google.com/maps/place/%EA%B5%AD%EB%A6%BD%EC%84%9C%EC%96%91%EB%AF%B8%EC%88%A0%EA%B4%80/@35.7155297,139.7743114,17.41z/data=!3m1!5s0x60188e9cf96abff7:0x12d37b64563b39f3!4m6!3m5!1s0x60188e9cfa41cc7f:0xbb23dcd494e13c8b!8m2!3d35.7153869!4d139.7758138!16s%2Fm%2F026r6hv?entry=ttu&g_ep=EgoyMDI2MDQxNS4wIKXMDSoASAFQAw%3D%3D",500,JPY,,,,,,
tokyo-ueno-toritsune-sizsendow,tokyo,Toritsune Shizendo,토리츠네 시젠도우,food,dinner,activity|food|photo|culture|nature|shopping|local|popular,solo|couple|friends|parents|kids,35.7068402,139.7731765,45,60,75,3,ueno,11:30,22:00,0,Oyakodon place that keeps showing up on travel YouTube.,유튜브에 자주 나오는 오야코동 맛집,Order the large,큰 사이즈로 시키는 게 좋음,,,"https://www.google.com/maps/place/%ED%86%A0%EB%A6%AC%EC%B8%A0%EB%84%A4+%EC%8B%9C%EC%A0%A0%EB%8F%84%EC%9A%B0/@35.7068402,139.7731765,16.67z/data=!4m6!3m5!1s0x60188c1e2658e363:0x1a76be856febb17b!8m2!3d35.7039784!4d139.7726986!16s%2Fg%2F11b6_cq5cw?entry=ttu&g_ep=EgoyMDI2MDQxNS4wIKXMDSoASAFQAw%3D%3D",1500,JPY,,,,,,
tokyo-ueno-ramen-butayama,tokyo,Ramen Butayama Ueno,라멘 부타야마 우에노점,food,lunch,activity|food|photo|culture|nature|shopping|local|popular,solo|couple|friends|parents|kids,35.7091807,139.7728802,45,60,75,3,ueno,11:00,0:00,,Jiro-style ramen in Ueno.,일본 현지 지로계 라멘 맛집 중 하나,Portions run big — order smaller than usual,양이 많은 편이라 평소 먹는 것보다 작게 시키는 걸 추천,,,"https://www.google.com/maps/place/%EB%9D%BC%EB%A9%98+%EB%B6%80%ED%83%80%EC%95%BC%EB%A7%88+%EC%9A%B0%EC%97%90%EB%85%B8%EC%A0%90/@35.7091807,139.7728802,16.67z/data=!4m6!3m5!1s0x60188d6d27f9a165:0x5212857d183ebdba!8m2!3d35.7062026!4d139.7724991!16s%2Fg%2F11h10vv5fm?entry=ttu&g_ep=EgoyMDI2MDQxNS4wIKXMDSoASAFQAw%3D%3D",1500,JPY,,,,,,
tokyo-ueno-mori-sakura-terrace,tokyo,Ueno no Mori Sakura Terrace,Ueno no Mori Sakura Terrace,food,lunch,activity|food|photo|culture|nature|shopping|local|popular,solo|couple|friends|parents|kids,35.7091807,139.7728802,45,60,75,3,ueno,11:00,23:00,,Quick and fairly priced — a decent fast-lunch stop.,적당한 가격에 빠르게 식사하기 좋은 곳,,,,,"https://www.google.com/maps/place/Ueno+no+Mori+Sakura+Terrace/@35.7091807,139.7728802,16.67z/data=!3m1!5s0x60188e9e769898bb:0xb3ed2c8154da1634!4m6!3m5!1s0x60188e9e76c00001:0xb0af7dad81f82978!8m2!3d35.7121356!4d139.7745258!16s%2Fg%2F11bwn3rkpx?entry=ttu&g_ep=EgoyMDI2MDQxNS4wIKXMDSoASAFQAw%3D%3D",1000,JPY,,,,,,
tokyo-shinjuku-tokyo-metropolitan,tokyo,Tokyo Metropolitan Government Observatory,도쿄도청 전망대,sight,,photo|culture|shopping|popular,solo|couple|friends|parents|kids,35.6919819,139.6945813,60,90,120,1,shinjuku,9:30,21:30,2,Free observation deck with 360° views over central Tokyo.,도쿄 시내를 한눈에 볼 수 있는 무료 전망대,Two decks — north and south|North closes earlier — only south stays open for night views,북측과 남측으로 2곳이 운영중|북측은 빠르게 마감되어 야경 시간대에는 남측만 이용 가능,,,"https://www.google.com/maps/place/%EB%8F%84%EC%BF%84%EB%8F%84%EC%B2%AD+%EB%B6%81%EC%AA%BD+%EC%A0%84%EB%A7%9D%EB%8C%80/@35.6919819,139.6945813,17.08z/data=!3m1!5s0x60188cd498eb5371:0x46cb7b987c5bc5b7!4m6!3m5!1s0x60188cd4c86bcb9d:0xe5b1c573920cfe2e!8m2!3d35.689733!4d139.6916563!16s%2Fg%2F1tgz5gx6?entry=ttu&g_ep=EgoyMDI2MDQxNS4wIKXMDSoASAFQAw%3D%3D",0,JPY,,,,,,
tokyo-shinjuku-tenkichiya,tokyo,Tenkichiya,텐키치야,food,lunch,activity|food|photo|culture|nature|shopping|local|popular,solo|couple|friends|parents|kids,35.6919819,139.6945813,45,60,75,2,shinjuku,11:00,21:00,0,Tenkichiya in Shinjuku — crispy tempura over rice with the signature sweet-soy.,신주쿠 텐동 맛집 텐키치야. 바삭한 튀김 위에 달달한 소스가 올라간 텐동 전문 맛집,Peak hours have a line — go at opening or after 2pm|Set menus beat à la carte on value|Good breakfast or early-lunch if you're based in Shinjuku,피크 시간대 웨이팅 — 오픈 직후나 2시 이후 추천|세트 메뉴가 단품보다 가성비 좋음|신주쿠에 숙소가 있다면 아침·이른 점심 옵션,,,"https://www.google.com/maps/place/%ED%85%90%ED%82%A4%EC%B9%98%EC%95%BC/@35.6919819,139.6945813,17.08z/data=!3m1!5s0x60188cd5c180ca6b:0x1308381aa401cea6!4m6!3m5!1s0x60188cd5c3b59cc3:0xd1a3290620d22c83!8m2!3d35.6929623!4d139.6954179!16s%2Fg%2F1hd_3pxpt?entry=ttu&g_ep=EgoyMDI2MDQxNS4wIKXMDSoASAFQAw%3D%3D",1500,JPY,,,,,,
tokyo-shinjuku-buchiuyama,tokyo,Buchiumaya,부치우마야,food,dinner,activity|food|photo|culture|nature|shopping|local|popular,solo|couple|friends|parents,35.6945824,139.6958376,60,90,120,3,shinjuku,17:30,23:00,0,Hiroshima-style okonomiyaki in Shinjuku — cooked on the teppan right in front of you.,신주쿠 히로시마식 오코노미야끼 가게. 카운터석 위주로 셰프가 앞에서 굽는 형식.,Cash only — withdraw before you go|Tables turn over slowly — arrive at opening or expect a long wait,현금 결제만 가능 — 미리 현금 준비|오픈런 하지 않으면 회전율이 낮아 웨이팅이 긴 편,,,"https://www.google.com/maps/place/%EB%B6%80%EC%B9%98%EC%9A%B0%EB%A7%88%EC%95%BC/@35.6945824,139.6958376,16.77z/data=!3m1!5s0x60188d2985c5cbcb:0x3cb44786d004bce1!4m6!3m5!1s0x60188d2985da4f8f:0x7b48eedd8c21f605!8m2!3d35.6966278!4d139.6966217!16s%2Fg%2F11fyln4y_v?entry=ttu&g_ep=EgoyMDI2MDQxNS4wIKXMDSoASAFQAw%3D%3D",1500,JPY,,,,,,
tokyo-shinjuku-gabukicho,tokyo,Kabukicho Tower,가부키초 타워,sight,,photo|budget|nightlife|local|popular,solo|couple|friends,35.6946565,139.6963843,30,45,60,3,shinjuku,,,,The landmark tower over Kabukicho — Shinjuku nightlife's centerpiece.,도쿄 나이트라이프를 한눈에 볼 수 있는 가부키초의 대표 빌딩,,,,,"https://www.google.com/maps/place/%EB%8F%84%ED%81%90+%EA%B0%80%EB%B6%80%ED%82%A4%EC%B4%88+%ED%83%80%EC%9B%8C/@35.6946565,139.6963843,16.89z/data=!4m6!3m5!1s0x60188dfd822aaa3f:0xd47e0ccc16555ea9!8m2!3d35.6957513!4d139.7005894!16s%2Fg%2F11s18b39qm?entry=ttu&g_ep=EgoyMDI2MDQxNS4wIKXMDSoASAFQAw%3D%3D",0,JPY,,,,,,
tokyo-shinjuku-disneystore,tokyo,Disney Flagship Store Tokyo,디즈니 플래그십 스토어,shopping,,shopping|local|popular,solo|couple|friends|parents|kids,35.6928689,139.699732,30,45,60,3,shinjuku,10:00,21:00,,Disney flagship store — a decent plan B if you're skipping the parks.,디즈니랜드를 갈 수 없으면 디즈니 굿즈 사기 좋은 곳,,,,,"https://www.google.com/maps/place/%EB%94%94%EC%A6%88%EB%8B%88+%ED%94%8C%EB%9E%98%EA%B7%B8%EC%8B%AD+%EC%8A%A4%ED%86%A0%EC%96%B4+%EB%8F%84%EC%BF%84/@35.6928689,139.699732,17.87z/data=!4m6!3m5!1s0x60188d4ca91dcd4d:0x1690197cf0618eb2!8m2!3d35.692049!4d139.7031204!16s%2Fg%2F11pd2zm3hv?entry=ttu&g_ep=EgoyMDI2MDQxNS4wIKXMDSoASAFQAw%3D%3D",0,JPY,,,,,,
tokyo-shinjuku-kinokuniya-bookstore,tokyo,Kinokuniya Bookstore,기노쿠니야 서점,shopping,,shopping|local|popular,solo|couple|friends|parents|kids,35.6928689,139.699732,30,45,60,3,shinjuku,10:00,21:00,,A whole building of books in the middle of Shinjuku.,건물 전체가 서점이라 신주쿠 가면 한 번쯤 구경해보기 좋은 곳,,,,,"https://www.google.com/maps/place/%EA%B8%B0%EB%85%B8%EC%BF%A0%EB%8B%88%EC%95%BC+%EC%8B%A0%EC%A3%BC%EC%BF%A0+%EB%B3%B8%EC%A0%90/@35.6928689,139.699732,17.87z/data=!4m6!3m5!1s0x60186092cf48325d:0x24ac346bd72018a3!8m2!3d35.6919678!4d139.7028227!16s%2Fg%2F1tg7r_bb?entry=ttu&g_ep=EgoyMDI2MDQxNS4wIKXMDSoASAFQAw%3D%3D",0,JPY,,kinokuniya,,,,
tokyo-shinjuku-isetan-department-store,tokyo,Isetan Department Store,이세탄 백화점,shopping,,shopping|local|popular,solo|couple|friends|parents,35.6928689,139.699732,45,60,75,2,shinjuku,10:00,20:00,,"Japan's oldest department store still operating, founded in 1886.",1886년부터 시작된 일본의 대표적인 백화점,,,,,"https://www.google.com/maps/place/%EC%9D%B4%EC%84%B8%ED%83%84+%EC%8B%A0%EC%A3%BC%EC%BF%A0/@35.6928689,139.699732,17.87z/data=!3m1!5s0x60188cdbba93fca1:0x6a4d3d03b715d740!4m6!3m5!1s0x60188cdba56b3bf7:0x8b741cc73341edb5!8m2!3d35.691574!4d139.7046466!16s%2Fg%2F11cjk548y6?entry=ttu&g_ep=EgoyMDI2MDQxNS4wIKXMDSoASAFQAw%3D%3D",0,JPY,,,,,,
tokyo-shinjuku-goldenguy,tokyo,Shinjuku Golden Gai,신주쿠 골든가이,nightlife,,activity|food|photo|culture|nature|shopping|local|popular|nightlife,solo|couple|friends,35.6936134,139.7025578,60,90,120,2,shinjuku,17:00,23:00,,Dense maze of tiny postwar bars — Shinjuku's classic nightlife stop alongside Omoide Yokocho.,오모이데요코초와 함께 신주쿠 대표 선술집 거리,,,,,"https://www.google.com/maps/place/%EC%8B%A0%EC%A3%BC%EC%BF%A0+%EA%B3%A8%EB%93%A0%EA%B0%80%EC%9D%B4/@35.6936134,139.7025578,17.6z/data=!3m1!5s0x60188cd96fa71f47:0x17cc5dd6e0009ca!4m6!3m5!1s0x60188cd96586b9af:0x71a5c0e1150c1a8f!8m2!3d35.6941118!4d139.7047611!16s%2Fm%2F02vr6_3?entry=ttu&g_ep=EgoyMDI2MDQxNS4wIKXMDSoASAFQAw%3D%3D",2000,JPY,,,,,,
tokyo-shinjuku-omoideyokocho,tokyo,Omoide Yokocho,오모이데요코초,nightlife,,activity|food|photo|culture|nature|shopping|local|popular|nightlife,solo|couple|friends|parents,35.6932749,139.7012157,60,90,120,2,shinjuku,17:00,23:00,,Tight postwar alley of yakitori stands and standing bars.,골목에서 야키토리를 먹어볼 수 있는 선술집 거리,Most places charge a seating fee (otoshi),자릿세(오토시)가 대부분 있는 곳,,,"https://www.google.com/maps/place/%EC%98%A4%EB%AA%A8%EC%9D%B4%EB%8D%B0%EC%9A%94%EC%BD%94%EC%B4%88(%EC%95%BC%ED%82%A4%ED%86%A0%EB%A6%AC+%EA%B1%B0%EB%A6%AC)/@35.6932749,139.7012157,17.6z/data=!4m6!3m5!1s0x60188cd7058ad73f:0x908f55935cc13cd3!8m2!3d35.6927011!4d139.6995778!16s%2Fg%2F120m1bbf?entry=ttu&g_ep=EgoyMDI2MDQxNS4wIKXMDSoASAFQAw%3D%3D",2000,JPY,,,,,,
tokyo-shinjuku-hananojo-shrine,tokyo,Hanazono Shrine,하나노조 신사,sight,,photo|budget|culture|nature|local,solo|couple|friends|parents|kids,35.6932749,139.7012157,20,30,40,3,shinjuku,,,,A small shrine on the walk from Shinjuku Station to Gyoen — easy five-minute stop.,신주쿠역에서 교엔 가는 길에 잠깐 들리면 좋은 신사,,,,,"https://www.google.com/maps/place/%ED%95%98%EB%82%98%EC%A1%B0%EB%85%B8+%EC%8B%A0%EC%82%AC/@35.6932749,139.7012157,17.6z/data=!3m1!5s0x60188cdbe581170f:0xffce7e6d8fd5f9fa!4m6!3m5!1s0x60188cdbe07cde2b:0x3b4028968ed9a754!8m2!3d35.6935311!4d139.7053279!16s%2Fm%2F0k54d7q?entry=ttu&g_ep=EgoyMDI2MDQxNS4wIKXMDSoASAFQAw%3D%3D",0,JPY,,,,,,
tokyo-shinjuku-donkihote-gabukicho,tokyo,Don Quijote Shinjuku Kabukicho,돈키호테 신주쿠 가부키초점,shopping,,shopping|popular,solo|couple|friends|parents|kids,35.6932749,139.7012157,60,90,120,2,shinjuku,,,,The busiest of Shinjuku's three Don Quijote branches — in the middle of Kabukicho.,신주쿠 돈키호테 3개 지점 중 가장 인기. 가부키초 한가운데 위치.,Come with a written shopping list — saves real time|Early morning and late night are the calmest windows,쇼핑리스트 미리 작성해서 오면 편함|이른 아침이나 새벽에 가면 덜 복잡함,,,"https://www.google.com/maps/place/%EB%8F%88%ED%82%A4%ED%98%B8%ED%85%8C+%EC%8B%A0%EC%A3%BC%EC%BF%A0%EA%B0%80%EB%B6%80%ED%82%A4%EC%B4%88%EC%A0%90/@35.6932749,139.7012157,17.6z/data=!3m1!5s0x60188cd9dbc2163f:0x54a22900434443d1!4m6!3m5!1s0x60188cd9dbeab93d:0x8583055007d02928!8m2!3d35.6937755!4d139.7017873!16s%2Fg%2F1tftr247?entry=ttu&g_ep=EgoyMDI2MDQxNS4wIKXMDSoASAFQAw%3D%3D",0,JPY,,donki,,,,
tokyo-shinjuku-donkihote-donangochi,tokyo,Don Quijote Shinjuku South Exit,돈키호테 신주쿠 도난구치점,shopping,,shopping|popular,solo|couple|friends|parents|kids,35.6932749,139.7012157,60,90,120,3,shinjuku,,,,The quieter Shinjuku Donki — easier going than the Kabukicho branch.,가부키초점에 비해 비교적 여유로운 돈키호테,Come with a written shopping list — saves real time|Early morning and late night are the calmest windows,쇼핑리스트 미리 작성해서 오면 편함|이른 아침이나 새벽에 가면 덜 복잡함,,,"https://www.google.com/maps/place/%EB%8F%88%ED%82%A4%ED%98%B8%ED%85%8C+%EC%8B%A0%EC%A3%BC%EC%BF%A0+%EB%8F%84%EB%82%9C%EA%B5%AC%EC%B9%98%EC%A0%90/@35.6932749,139.7012157,17.6z/data=!4m6!3m5!1s0x60188cda8816c3d7:0xd7380245bcb993b1!8m2!3d35.6900987!4d139.7019999!16s%2Fg%2F11dfld7g0t?entry=ttu&g_ep=EgoyMDI2MDQxNS4wIKXMDSoASAFQAw%3D%3D",0,JPY,,donki,,,,
tokyo-shinjuku-kyoen,tokyo,Shinjuku Gyoen,신주쿠 교엔,park,,photo|budget|nature|local|popular,solo|couple|friends|parents|kids,35.6881119,139.7043134,45,60,75,2,shinjuku,9:00,18:00,,"Large landscape garden in central Shinjuku — Japanese, French, and English sections plus a serious greenhouse.",신주쿠 한복판의 대형 정원. 일본·프랑스·영국식 정원과 대형 온실로 구성.,The in-garden Starbucks gets a 1-hour wait by midday — go at opening|Advance booking only matters in cherry-blossom season — walk-in works otherwise|Hours shift by season — check before you go (greenhouse is separate),"내부 스타벅스 가려면 오픈 직후에 — 낮엔 1시간 대기|벚꽃 시즌에만 예약 필요, 평소엔 현장 구매 가능|계절별 운영시간 다르니 방문 전 체크 (온실 별도)",,,"https://www.google.com/maps/place/%EC%8B%A0%EC%A3%BC%EC%BF%A0+%EA%B5%90%EC%97%94/@35.6881119,139.7043134,17.07z/data=!4m6!3m5!1s0x60188cc21b93233f:0x6a1eb1b5a117f287!8m2!3d35.6851763!4d139.7100517!16zL20vMDdkM24x?entry=ttu&g_ep=EgoyMDI2MDQxNS4wIKXMDSoASAFQAw%3D%3D",500,JPY,,,https://www.klook.com/activity/174227-shinjuku-gyoen/?aid=118462,,,
tokyo-shinjuku-okonomiyaki-rush,tokyo,Okonomiyaki Teppanyaki Rush,오코노미야키 철판구이 러쉬,food,dinner,activity|food|photo|culture|nature|shopping|local|popular,solo|couple|friends|parents|kids,35.6909958,139.7028973,45,60,75,2,shinjuku,11:30,23:00,,Budget okonomiyaki in Shinjuku.,신주쿠에서 가성비 오코노미야키 먹고 싶을 때 가기 좋은 맛집,,,,,"https://www.google.com/maps/place/%EC%98%A4%EC%BD%94%EB%85%B8%EB%AF%B8%EC%95%BC%ED%82%A4+%EC%B2%A0%ED%8C%90%EA%B5%AC%EC%9D%B4+%EC%B2%A0%ED%8C%90+%EB%9F%AC%EC%89%AC/@35.6909958,139.7028973,17.75z/data=!3m1!5s0x60188cda59ec008b:0x4f7994c758b6aef0!4m6!3m5!1s0x60188d0bebc96045:0x9ac5d4f172cb82d7!8m2!3d35.6908298!4d139.7032434!16s%2Fg%2F11tn_b78jl?entry=ttu&g_ep=EgoyMDI2MDQxNS4wIKXMDSoASAFQAw%3D%3D",2000,JPY,,,,,,
tokyo-shinjuku-ichiran-ramen-juohigashi,tokyo,Ichiran Shinjuku Chuo East Exit,이치란 신주쿠 주오히가시구치점,food,lunch,activity|food|photo|culture|nature|shopping|local|popular,solo|couple|friends|parents|kids,35.6909958,139.7028973,45,60,75,2,shinjuku,,,,Japan's signature tonkotsu ramen brand — Ichiran.,일본 대표 라멘 브랜드인 이치란 라멘,"New to Japanese ramen? Ichiran alone is plenty|Always a queue — skip lunch peak, go early morning or late night|Ticket-machine ordering — customize spice and toppings",라멘 입문자에게 이치란 하나면 충분|웨이팅 있으니 점심 피크 시간 피하거나 아침·심야 방문|주문은 자판기 — 맵기·토핑 커스터마이즈 가능,,,"https://www.google.com/maps/place/%EC%9D%B4%EC%B9%98%EB%9E%80+%EC%8B%A0%EC%A3%BC%EC%BF%A0+%EC%A3%BC%EC%98%A4%ED%9E%88%EA%B0%80%EC%8B%9C%EA%B5%AC%EC%B9%98%EC%A0%90/@35.6909958,139.7028973,17.75z/data=!4m6!3m5!1s0x60188cda5f050cf1:0x397988c6d1296d56!8m2!3d35.690612!4d139.702817!16s%2Fg%2F1tf15wjg?entry=ttu&g_ep=EgoyMDI2MDQxNS4wIKXMDSoASAFQAw%3D%3D",1000,JPY,,ichiran,,,,
tokyo-shinjuku-momo-paradise,tokyo,Mo-Mo Paradise Shinjuku Meiji-dori,모모 파라다이스 신주쿠 메이지도리점,food,dinner,activity|food|photo|culture|nature|shopping|local|popular,couple|friends|parents|kids,35.6913331,139.7027503,45,60,75,3,shinjuku,11:30,22:30,,Shinjuku branch of Mo-Mo Paradise — the nationwide sukiyaki chain.,일본에서 유명한 스키야키 프랜차이즈의 신주쿠 지점,Reserve via Google,구글에서 미리 예약 가능,,,"https://www.google.com/maps/place/%EB%AA%A8%EB%AA%A8+%ED%8C%8C%EB%9D%BC%EB%8B%A4%EC%9D%B4%EC%8A%A4+%EC%8B%A0%EC%A3%BC%EC%BF%A0+%EB%A9%94%EC%9D%B4%EC%A7%80%EB%8F%84%EB%A6%AC%EC%A0%90/@35.6913331,139.7027503,17.75z/data=!3m1!5s0x60188cdb75d3a84d:0xb4c8e4be99dc0fb9!4m6!3m5!1s0x60188cdb74f93039:0xf15f467cdfd7d7ea!8m2!3d35.6913247!4d139.7053734!16s%2Fg%2F11b6p2xx6y?entry=ttu&g_ep=EgoyMDI2MDQxNS4wIKXMDSoASAFQAw%3D%3D",5000,JPY,,,,,,
tokyo-shinjuku-acacia,tokyo,Shinjuku Acacia,Shinjuku acacia,food,lunch,activity|food|photo|culture|nature|shopping|local|popular,couple|friends|parents|kids,35.692322,139.7023024,45,60,75,3,shinjuku,11:00,20:30,,Old-school yoshoku (Japanese takes on Western classics) in Shinjuku.,도쿄에서 경양식을 먹고 싶을 때 가보기 좋은 곳,,,,,"https://www.google.com/maps/place/Shinjuku+acacia/@35.692322,139.7023024,17.93z/data=!3m1!5s0x60188cd9e143d9f5:0x73fe61983aedcaad!4m6!3m5!1s0x60188cd9e161d85b:0x7860270716ee5ea2!8m2!3d35.6931547!4d139.7016053!16s%2Fg%2F1tjz3c44?entry=ttu&g_ep=EgoyMDI2MDQxNS4wIKXMDSoASAFQAw%3D%3D",2000,JPY,,,,,,
tokyo-shinjuku-food-quwanne,tokyo,Miyazaki Food Quwanne,Miyazaki Food Quwanne,food,lunch,activity|food|photo|culture|nature|shopping|local|popular,solo|couple|friends|parents|kids,35.6887462,139.7008138,45,60,75,3,shinjuku,11:00,23:00,,Pick-your-own-dishes setup covering the main Japanese food styles.,여러 일본 음식들을 취향에 맞게 골라서 먹을 수 있는 곳,,,,,"https://www.google.com/maps/place/Miyazaki+Food+Quwanne/@35.6887462,139.7008138,17.13z/data=!3m1!5s0x60188cd0402d9c2b:0x85ce34da1388936e!4m6!3m5!1s0x60188cd0402158af:0x2f0b16bec52e42a1!8m2!3d35.6883129!4d139.7000473!16s%2Fg%2F11gh057tsh?entry=ttu&g_ep=EgoyMDI2MDQxNS4wIKXMDSoASAFQAw%3D%3D",1500,JPY,,,,,,
tokyo-shinjuku-ditaipung,tokyo,Din Tai Fung Shinjuku Takashimaya,딘타이펑 신주쿠 타카시마야,food,dinner,activity|food|photo|culture|nature|shopping|local|popular,solo|couple|friends|parents|kids,35.6887462,139.7008138,45,60,75,3,shinjuku,11:00,23:00,,Din Tai Fung — a break when you want something not-Japanese.,일본 음식이 질릴 때 먹기 좋은 딘타이펑,Short wait on weekends,주말에는 약간 웨이팅 있는 편,,,"https://www.google.com/maps/place/%EB%94%98%ED%83%80%EC%9D%B4%ED%8E%91+%EC%8B%A0%EC%A3%BC%EC%BF%A0+%ED%83%80%EC%B9%B4%EC%8B%9C%EB%A7%88%EC%95%BC+%ED%83%80%EC%9E%84%EC%A6%88+%EC%8A%A4%ED%80%98%EC%96%B4%EC%A0%90/@35.6887462,139.7008138,17.13z/data=!3m1!5s0x60188cc5494439c7:0x7c6a63a30f12954e!4m6!3m5!1s0x60188cc57488394b:0x4d7072ef8a63d3ae!8m2!3d35.687434!4d139.7024396!16s%2Fg%2F1td2tx2q?entry=ttu&g_ep=EgoyMDI2MDQxNS4wIKXMDSoASAFQAw%3D%3D",3000,JPY,,dintaifung,,,,
tokyo-shinjuku-harrypotter,tokyo,Harry Potter Studio Tour Tokyo,해리포터 스튜디오,experience,,activity|photo|nightlife|popular,solo|couple|friends|parents|kids,35.6925093,139.6955526,90,150,210,2,shinjuku,8:30,19:00,,Full-experience Harry Potter studio tour — the Asia edition of the London one.,해리포터 촬영장을 그대로 체험할 수 있는 테마 파크,Buy wands at the outside shop before entry — the inside checkout line is long|Morning slots run quieter|Compare Klook and the official site — Klook sometimes beats it,지팡이 살 사람은 입장 전 외부 숍 들러서 구매 추천|오전 타임이 비교적 한산|클룩에서 티켓 구매하는 게 더 저렴,,tokyo-harry-potter-studio-tour-guide,"https://www.google.com/maps/place/%ED%9E%88%EB%85%B8%ED%86%A0%EB%A6%AC/@35.6925093,139.6955526,16.17z/data=!3m1!5s0x60188d2a104622ff:0x58190dfd53335315!4m6!3m5!1s0x60188d2a11ae884d:0x8fffe5b1202bdbd3!8m2!3d35.6949791!4d139.6956065!16s%2Fg%2F11c0rny309?entry=ttu&g_ep=EgoyMDI2MDQxNS4wIKXMDSoASAFQAw%3D%3D",1000,JPY,,,https://www.klook.com/activity/84374-warner-bros-studio-tour-tokyo-making-harry-potter/?aid=118462,,,
tokyo-shinjuku-hinotori,tokyo,Hinotori,히노토리,food,dinner,activity|food|photo|culture|nature|shopping|local|popular,solo|couple|friends|parents|kids,35.6925093,139.6955526,45,60,75,3,shinjuku,17:00,23:00,,Shinjuku yakitori spot for a quick skewer fix.,신주쿠에서 꼬치구이 먹고 싶을 때 가기 좋은 곳,,,,,"https://www.google.com/maps/place/%ED%9E%88%EB%85%B8%ED%86%A0%EB%A6%AC/@35.6925093,139.6955526,16.17z/data=!3m1!5s0x60188d2a104622ff:0x58190dfd53335315!4m6!3m5!1s0x60188d2a11ae884d:0x8fffe5b1202bdbd3!8m2!3d35.6949791!4d139.6956065!16s%2Fg%2F11c0rny309?entry=ttu&g_ep=EgoyMDI2MDQxNS4wIKXMDSoASAFQAw%3D%3D",2000,JPY,,,,,,
tokyo-harajuku-meiji-palace,tokyo,Meiji Shrine,메이지 신궁,sight,,photo|budget|culture|nature|local|popular,solo|couple|friends|parents|kids,35.6761448,139.692683,60,120,180,2,harajuku,6:00,18:00,,Meiji Jingu — one of the few shrines in Japan with the higher jingu rank.,일본에 몇 개 없는 신사보다 더 높은 신궁,The approach path is unusually beautiful|You might catch a traditional wedding on the way in,들어가는 산책길이 다른 곳보다 아름다운 편|가는 길에 일본 전통 결혼식을 볼 수도 있음,,,"https://www.google.com/maps/place/%EB%A9%94%EC%9D%B4%EC%A7%80+%EC%8B%A0%EA%B6%81/@35.6761448,139.692683,16.03z/data=!4m6!3m5!1s0x60188cb79a4c26e5:0x8fca893849103f73!8m2!3d35.6763976!4d139.6993259!16zL20vMDFxX2s5?entry=ttu&g_ep=EgoyMDI2MDQxNS4wIKXMDSoASAFQAw%3D%3D",0,JPY,,,,,,
tokyo-harajuku-takeshitadori,tokyo,Takeshita-dori,다케시타도리,sight,,activity|food|photo|budget|shopping|local|popular,solo|couple|friends|kids,35.6717778,139.7017926,60,90,120,3,harajuku,,,,"Harajuku's main shopping street, packed with niche stores.",하라주쿠의 여러 상점들이 모여져 있는 거리,"Gacha shops, animal cafes, and streetwear all crammed in","가챠샵, 동물 체험, 옷가게들이 많은 곳",,,"https://www.google.com/maps/place/%ED%95%98%EB%9D%BC%EC%A3%BC%EC%BF%A0+%ED%83%80%EC%BC%80%EC%8B%9C%ED%83%80+%EB%8F%84%EB%A6%AC/@35.6717778,139.7017926,17.94z/data=!3m1!5s0x60188cbb3bb7b913:0xcc966d511f88ffb3!4m6!3m5!1s0x60188d795a699d2f:0x3499ed0ca0a1edf9!8m2!3d35.6712601!4d139.7046761!16s%2Fg%2F11t_jz6vdv?entry=ttu&g_ep=EgoyMDI2MDQxNS4wIKXMDSoASAFQAw%3D%3D",0,JPY,,,,,,
tokyo-harajuku-omotesandohills,tokyo,Omotesando Hills,오모테산도힐즈,shopping,,shopping|local,solo|couple|friends|parents,35.6691362,139.7055359,60,90,120,2,harajuku,11:00,20:00,,Triangular high-end shopping complex on Omotesando.,삼각형 구조의 대표 하이엔드 쇼핑몰,,,,,"https://www.google.com/maps/place/%EC%98%A4%EB%AA%A8%ED%85%8C%EC%82%B0%EB%8F%84+%ED%9E%90%EC%A6%88/@35.6691362,139.7055359,17.94z/data=!4m6!3m5!1s0x60188ca182a31e0b:0x99d7a9865079f0a5!8m2!3d35.6672869!4d139.7086162!16zL20vMGJtcno3?entry=ttu&g_ep=EgoyMDI2MDQxNS4wIKXMDSoASAFQAw%3D%3D",0,JPY,,,,,,
tokyo-harajuku-dacci-pasta-labo,tokyo,Harajuku Dacci Pasta Labo,Harajuku Dacci Pasta Labo,food,lunch,activity|food|photo|culture|nature|shopping|local|popular,couple|friends|parents|kids,35.6691362,139.7055359,45,60,75,3,harajuku,11:30,22:00,,Pasta and salad sets at a decent price.,파스타와 샐러드 세트를 함께 가성비있게 먹을 수 있는 곳,,,,,"https://www.google.com/maps/place/Harajuku+Dacci+Pasta+Labo/@35.6691362,139.7055359,17.94z/data=!3m1!5s0x60188ca52ad087c1:0x37f24651e0ddd7cf!4m6!3m5!1s0x60188ca52a81375d:0xe0cdef92580535d6!8m2!3d35.6699821!4d139.7038861!16s%2Fg%2F11bwpz8pr7?entry=ttu&g_ep=EgoyMDI2MDQxNS4wIKXMDSoASAFQAw%3D%3D",1500,JPY,,,,,,
tokyo-harajuku-men-chirashi,tokyo,Men Chirashi,멘 치라시,food,lunch,activity|food|photo|culture|nature|shopping|local|popular,solo|couple|friends|parents|kids,35.6691362,139.7055359,45,60,75,3,harajuku,11:30,21:30,,Spot near Harajuku known for its carbonara udon.,까르보나라 우동이 유명한 하라주쿠 근처 맛집,,,,,"https://www.google.com/maps/place/%EB%A9%98+%EC%B9%98%EB%9D%BC%EC%8B%9C/@35.6691362,139.7055359,17.94z/data=!3m1!5s0x60188ca4226c1279:0x316b16f40c7c6a4e!4m6!3m5!1s0x60188d6ff9699deb:0x5fda2231d05d8d8b!8m2!3d35.6664994!4d139.7050912!16s%2Fg%2F11f9zp3z58?entry=ttu&g_ep=EgoyMDI2MDQxNS4wIKXMDSoASAFQAw%3D%3D",2000,JPY,,,,,,
tokyo-harajuku-cantera,tokyo,Cantera Harajuku,CANTERA HARAJUKU,food,dinner,activity|food|photo|culture|nature|shopping|local|popular,solo|couple|friends|parents|kids,35.6691362,139.7055359,45,60,75,3,harajuku,11:00,23:00,,Italian pizza spot in Harajuku.,하라주쿠에서 이탈리안 피자 먹기 좋은 곳,Afternoon break 15:00-17:00,오후 3시부터 5시까지는 브레이크 타임,,,"https://www.google.com/maps/place/CANTERA+HARAJUKU/@35.6691362,139.7055359,17.94z/data=!3m1!5s0x60188ca5b33d3fdf:0xf98da4a38a298867!4m6!3m5!1s0x60188ca44a5b9503:0x745776856cd06a53!8m2!3d35.667082!4d139.703967!16s%2Fg%2F11b7q7ldhd?entry=ttu&g_ep=EgoyMDI2MDQxNS4wIKXMDSoASAFQAw%3D%3D",2000,JPY,,,,,,
tokyo-harajuku-omotesando-ukaitei,tokyo,Omotesando Ukai-tei,오모테산도 우카이테이,food,dinner,activity|food|photo|culture|nature|shopping|local|popular,solo|couple|friends|parents|kids,35.6691552,139.7055224,45,60,75,3,harajuku,12:00,22:00,2|3,Upscale dining in central Tokyo — occasion-meal territory.,도쿄에서 럭셔리한 음식을 먹고 싶을 때 가보기 좋은 곳,Lunch sets are the affordable way in,런치 세트가 비교적 저렴,,,"https://www.google.com/maps/place/%EC%98%A4%EB%AA%A8%ED%85%8C%EC%82%B0%EB%8F%84+%EC%9A%B0%EC%B9%B4%EC%9D%B4%ED%85%8C%EC%9D%B4/@35.6691552,139.7055224,17.92z/data=!3m1!5s0x60188ca3fa71814b:0x4331daedd7431bb9!4m6!3m5!1s0x60188ca3fa7bb73f:0x5a0c19ac3a13ab24!8m2!3d35.6673882!4d139.7067871!16s%2Fg%2F1tggnmzc?entry=ttu&g_ep=EgoyMDI2MDQxNS4wIKXMDSoASAFQAw%3D%3D",15000,JPY,,,,,,
tokyo-shibuya-shibuyasky,tokyo,Shibuya Sky,시부야스카이,sight,,activity|photo|culture|local|popular,solo|couple|friends|parents|kids,35.6600905,139.7013766,60,100,150,1,shibuya,10:00,22:30,,Shibuya Scramble Square's rooftop — open-air deck right above the Scramble Crossing.,시부야 스크램블 스퀘어 옥상 전망대. 야외 전망대에서 도쿄 시내를 한눈에 볼 수 있음,Sunset and night slots open 2 weeks ahead at midnight — book the moment they drop|The Tokyo Tower corner has sofas and tables — quietest spot up top|There's a direct 14F lift outside the building — skip the main-lobby line,일몰·야경 시간대는 2주 전 00시에 예약해야 확보 가능|도쿄타워 방향 코너에 소파·테이블 공간|건물 외부에 14층 직통 엘리베이터 이용 추천,,tokyo-shibuya-sky-guide,"https://www.google.com/maps/place/%EC%8B%9C%EB%B6%80%EC%95%BC+%EC%8A%A4%EC%B9%B4%EC%9D%B4/@35.6600905,139.7013766,17.64z/data=!3m1!5s0x60188b7b9c819b61:0x92144cdf397130f5!4m6!3m5!1s0x60188b6825f61ae1:0x6ff47ee61e522473!8m2!3d35.6586719!4d139.7019848!16s%2Fg%2F11hdvt_gp9?entry=ttu&g_ep=EgoyMDI2MDQxNS4wIKXMDSoASAFQAw%3D%3D",3000,JPY,,,https://www.klook.com/activity/70672-shibuya-sky-tokyo/?aid=118462,,,
tokyo-shibuya-hachiko,tokyo,Hachiko Statue,하치코 동상,sight,,budget|culture|popular,solo|couple|friends|parents|kids,35.6590353,139.7006085,10,20,30,2,shibuya,,,,"Statue of Hachiko, the loyal dog — Shibuya's emblem.",시부야의 상징인 충견 하치코의 동상,Photo queue during the day,낮에 가면 사진 줄이 긴 편,,,"https://www.google.com/maps/place/%ED%95%98%EC%B9%98%EC%BD%94+%EB%8F%99%EC%83%81/@35.6590353,139.7006085,20.31z/data=!4m6!3m5!1s0x60188b57efbd57c7:0x217e9d9fe306fba!8m2!3d35.6590579!4d139.7006293!16s%2Fg%2F122cnh70?entry=ttu&g_ep=EgoyMDI2MDQxNS4wIKXMDSoASAFQAw%3D%3D",0,JPY,,,,,,
tokyo-shibuya-moheji,tokyo,Moheji Shibuya Scramble Square,모헤지 시부야 스크램블 스퀘어,food,lunch,activity|food|photo|culture|nature|shopping|local|popular,solo|couple|friends|parents|kids,35.658231,139.7009959,60,75,90,2,shibuya,11:00,23:00,,"Shibuya outpost of Moheji — monjayaki, the Tokyo dish.",도쿄 대표 메뉴인 몬자야키를 파는 모헤지의 시부야 지점,Arrive at opening or you're waiting,오픈런 하지 않으면 웨이팅 필수,,,"https://www.google.com/maps/place/%EB%AA%A8%ED%97%A4%EC%A7%80+%EC%8B%9C%EB%B6%80%EC%95%BC+%EC%8A%A4%ED%81%AC%EB%9E%A8%EB%B8%94+%EC%8A%A4%ED%80%98%EC%96%B4%EC%A0%90/@35.658231,139.7009959,18.95z/data=!3m1!5s0x60188b7b9c819b61:0xc83b5e6b26751d60!4m6!3m5!1s0x60188bb6c5af379f:0x39c35ba5b90103a8!8m2!3d35.6583189!4d139.7022323!16s%2Fg%2F11j0pvppyw?entry=ttu&g_ep=EgoyMDI2MDQxNS4wIKXMDSoASAFQAw%3D%3D",2500,JPY,,,,,,
tokyo-shibuya-nonbei-yokocho,tokyo,Shibuya Nonbei Yokocho,시부야 논베이 요코초,nightlife,,activity|food|photo|culture|nature|shopping|local|popular|nightlife,solo|couple|friends|parents,35.6599499,139.7006843,60,90,120,2,shibuya,17:00,4:00,0,A tight alley of tiny bars — Shibuya's nightlife shortcut.,시부야에서 밤 문화를 느낄 수 있는 곳,Pricier than average Tokyo bars,다른 곳보다 가격이 비싼 편,,,"https://www.google.com/maps/place/%EC%8B%9C%EB%B6%80%EC%95%BC+%EB%85%BC%EB%B2%A0%EC%9D%B4+%EC%9A%94%EC%BD%94%EC%B4%88/@35.6599499,139.7006843,18z/data=!3m1!4b1!4m6!3m5!1s0x60188b5801d200a7:0xdfae104c597fa255!8m2!3d35.6599499!4d139.701533!16s%2Fg%2F11bx1ycsvz?entry=ttu&g_ep=EgoyMDI2MDQxNS4wIKXMDSoASAFQAw%3D%3D",3000,JPY,,,,,,
tokyo-shibuya-scramble-crossing,tokyo,Shibuya Scramble Crossing,시부야 교차로,sight,,budget|culture|popular,solo|couple|friends|parents|kids,35.6590193,139.70085,10,20,30,1,shibuya,,,,The world's busiest pedestrian crossing.,세계에서 가장 많은 사람이 건너는 교차로,Looking down from the Starbucks across the street is the classic angle,근처 스타벅스에서 내려다 보는 전망이 예쁨,,,"https://www.google.com/maps/place/Shibuya+Crossing/@35.6590193,139.70085,18.68z/data=!3m1!5s0x60188b57f546295f:0x486cece41a7b21b0!4m6!3m5!1s0x60188bcaeb0cd12b:0x20e563a2e0aec969!8m2!3d35.659482!4d139.7005596!16s%2Fg%2F11shy4scrj?entry=ttu&g_ep=EgoyMDI2MDQxNS4wIKXMDSoASAFQAw%3D%3D",0,JPY,,,,,,
tokyo-shibuya-streamer-coffee-company,tokyo,Streamer Coffee Company Shibuya,스트리머 커피 컴퍼니 시부야,cafe,snack,activity|food|photo|culture|nature|shopping|local|popular,solo|couple|friends|parents|kids,35.6613346,139.7009742,45,60,90,2,shibuya,8:00,20:00,,Cafe from a former world barista champion.,세계 바리스타 대회에서 수상한 커피 맛집,Order the Revolver Coffee,리볼버 커피 추천,,,"https://www.google.com/maps/place/%EC%8A%A4%ED%8A%B8%EB%A6%AC%EB%A8%B8+%EC%BB%A4%ED%94%BC+%EC%BB%B4%ED%8D%BC%EB%8B%88+%EC%8B%9C%EB%B6%80%EC%95%BC/@35.6613346,139.7009742,17.75z/data=!4m6!3m5!1s0x60188ca6ff85e627:0xe542e1ed245eb17d!8m2!3d35.6634544!4d139.7039301!16s%2Fg%2F1tg7r_xy?entry=ttu&g_ep=EgoyMDI2MDQxNS4wIKXMDSoASAFQAw%3D%3D",1000,JPY,,,,,,
tokyo-shibuya-bigcamera,tokyo,Bic Camera Shibuya,빅카메라 시부야,shopping,,shopping|local|popular,solo|couple|friends|parents|kids,35.6613346,139.7009742,45,60,75,3,shibuya,10:00,22:00,,"Shibuya electronics megastore — tax-free electronics, liquor, and cosmetics. Whiskey is particularly well-priced.",전자기기와 술을 사기 좋은 종합쇼핑몰,Physical passport required for tax-free|Fill your liquor allowance here — prices are notably cheap|Card discounts vary by clerk — ask more than one,면세 혜택 받으려면 실물 여권 필수|주류 코너 면세 한도까지 채워 사오는 게 이득|할인쿠폰도 미리 받아놓으면 좋음,,,"https://www.google.com/maps/place/%EB%B9%85+%EC%B9%B4%EB%A9%94%EB%9D%BC+%EC%8B%9C%EB%B6%80%EC%95%BC%ED%9E%88%EA%B0%80%EC%8B%9C%EA%B5%AC%EC%B9%98%EC%A0%90+%EB%B3%B8%EA%B4%80/@35.6613346,139.7009742,17.75z/data=!3m1!5s0x60188b580f640a3f:0xa34ef12c62d12f1c!4m6!3m5!1s0x60188b58066cacf7:0x88c2f0d079fb136d!8m2!3d35.6599174!4d139.7020684!16s%2Fg%2F1tdd9v9t?entry=ttu&g_ep=EgoyMDI2MDQxNS4wIKXMDSoASAFQAw%3D%3D",0,JPY,,bic-camera,,,,
tokyo-shibuya-donkihote,tokyo,Mega Don Quijote Shibuya,메가돈키호테 시부야점,shopping,,shopping|popular,solo|couple|friends|parents|kids,35.6613346,139.7009742,60,90,120,3,shibuya,,,,"The massive 24-hour Don Quijote near Shibuya Station — tax-free counter on 7F, shop from B1 upward.",시부야역 근처에서 24시간 영업을 하는 돈키호테,Tax-free counter is on 7F — start at B1 and work up|Busy evening and overnight — mornings are the calmest|Pairs cleanly with Shibuya Sky for a Shibuya day,면세는 7층 카운터라 지하 1층부터 쇼핑하며 올라가는 동선이 효율적|저녁·새벽 모두 혼잡 — 비교적 여유로운 오전 추천|시부야 스카이 일정과 묶으면 동선 좋음,,,"https://www.google.com/maps/place/%EB%A9%94%EA%B0%80+%EB%8F%88%ED%82%A4%ED%98%B8%ED%85%8C+%EC%8B%9C%EB%B6%80%EC%95%BC+%EB%B3%B8%EC%A0%90/@35.6613346,139.7009742,17.75z/data=!3m1!5s0x60188ca9c8b3120b:0x74d825b099817117!4m6!3m5!1s0x60188ca9a47a82af:0x7ea0d3bc82ce0275!8m2!3d35.6603873!4d139.6978172!16s%2Fg%2F11ddz9mtzk?entry=ttu&g_ep=EgoyMDI2MDQxNS4wIKXMDSoASAFQAw%3D%3D",0,JPY,,donki,,,,
tokyo-shibuya-parco,tokyo,Shibuya Parco,파르코 시부야,shopping,,shopping|local,solo|couple|friends|parents|kids,35.6609952,139.6986614,60,90,120,4,shibuya,11:00,21:00,,Shibuya shopping complex.,시부야에서 쇼핑몰 가고 싶을 때 들리기 좋은 곳,,,,,"https://www.google.com/maps/place/%ED%8C%8C%EB%A5%B4%EC%BD%94+%EC%8B%9C%EB%B6%80%EC%95%BC/@35.6609952,139.6986614,18.7z/data=!3m1!5s0x60188ca91d999a73:0x2b00204170d72ef0!4m6!3m5!1s0x60188ca8e2fe2173:0x1adbb1909538391b!8m2!3d35.6620484!4d139.6987767!16s%2Fg%2F11b5v5txkb?entry=ttu&g_ep=EgoyMDI2MDQxNS4wIKXMDSoASAFQAw%3D%3D",0,JPY,,,,,,
tokyo-shibuya-uobei,tokyo,Uobei Shibuya Dogenzaka,우오베이 시부야 도겐자카점,food,lunch,activity|food|photo|culture|nature|shopping|local|popular,solo|couple|friends|parents|kids,35.6609952,139.6986614,45,60,75,2,shibuya,11:00,23:00,,Classic Japanese conveyor-belt sushi.,일본 특유의 컨베이어 벨트 회전초밥을 즐길 수 있는 곳,Short waits at peak hours,약간의 웨이팅 있을 수 있음,,,"https://www.google.com/maps/place/%EC%9A%B0%EC%98%A4%EB%B2%A0%EC%9D%B4+%EC%8B%9C%EB%B6%80%EC%95%BC+%EB%8F%84%EA%B2%90%EC%9E%90%EC%B9%B4%EC%A0%90/@35.6609952,139.6986614,18.7z/data=!4m6!3m5!1s0x60188ca9c3e93569:0x51b1ecd6fe7ee73f!8m2!3d35.6594349!4d139.6979207!16s%2Fg%2F11cn8s0vv1?entry=ttu&g_ep=EgoyMDI2MDQxNS4wIKXMDSoASAFQAw%3D%3D",2000,JPY,,,,,,
tokyo-shibuya-takibiya,tokyo,Takibiya,타키비야,food,dinner,activity|food|photo|culture|nature|shopping|local|popular,solo|couple|friends|parents|kids,35.6602773,139.7009022,45,60,75,3,shibuya,11:30,23:00,,Yakiniku option in Shibuya.,시부야에서 야키니쿠 먹기 좋은 곳,,,,,"https://www.google.com/maps/place/%ED%83%80%ED%82%A4%EB%B9%84%EC%95%BC/@35.6602773,139.7009022,18.7z/data=!3m1!5s0x60188b580aa46f99:0x691d17779c5d8ebb!4m6!3m5!1s0x354fef7311cfc6d1:0x185a959e076079bb!8m2!3d35.6604814!4d139.7026099!16s%2Fg%2F1ptyk0n1p?entry=ttu&g_ep=EgoyMDI2MDQxNS4wIKXMDSoASAFQAw%3D%3D",3000,JPY,,,,,,
tokyo-shibuya-jauo,tokyo,Zauo Shibuya,자우오 시부야점,food,dinner,activity|food|photo|culture|nature|shopping|local|popular,couple|friends|parents|kids,35.6618699,139.6989946,60,90,120,3,shibuya,17:00,23:00,,Novelty restaurant — you catch your own fish before eating it.,낚시를 하며 음식을 먹을 수 있는 이색 맛집,Choose how your catch is prepared,잡은 고기는 원하는 조리법에 따라 만들어 먹을 수 있음,,,"https://www.google.com/maps/place/%EC%9E%90%EC%9A%B0%EC%98%A4+%EC%8B%9C%EB%B6%80%EC%95%BC%EC%A0%90/@35.6618699,139.6989946,19.09z/data=!4m6!3m5!1s0x60188ca8ed2c776b:0x9168eacedb9807f3!8m2!3d35.6624737!4d139.6998545!16s%2Fg%2F11btvwrpz6?entry=ttu&g_ep=EgoyMDI2MDQxNS4wIKXMDSoASAFQAw%3D%3D",3000,JPY,,,,,,
tokyo-shibuya-raikyo,tokyo,Raikyo Shibuya,레이쿄 시부야점,food,dinner,activity|food|photo|culture|nature|shopping|local|popular,solo|couple|friends|parents|kids,35.6601654,139.6981274,60,90,120,3,shibuya,12:00,22:40,,Real-deal Taiwanese-style Chinese food in Shibuya.,대만식 중화요리를 제대로 하는 곳,,,,,"https://www.google.com/maps/place/%EB%A0%88%EC%9D%B4%EC%BF%84+%EC%8B%9C%EB%B6%80%EC%95%BC%EC%A0%90/@35.6601654,139.6981274,18.3z/data=!3m1!5s0x60188ca9c19fe379:0x4eac8c524a4c9a5e!4m6!3m5!1s0x60188ca9c1a1bb7b:0xf4f9be0dae96bfde!8m2!3d35.659469!4d139.697681!16s%2Fg%2F1tcz89k7?entry=ttu&g_ep=EgoyMDI2MDQxNS4wIKXMDSoASAFQAw%3D%3D",2000,JPY,,,,,,
tokyo-shibuya-abiento-restaurant,tokyo,À Bientôt Shibuya Yakiniku,아 비엔토 시부야 야케 레스토랑,food,dinner,activity|food|photo|culture|nature|shopping|local|popular,solo|couple|friends|parents|kids,35.6585979,139.6983549,60,90,120,3,shibuya,6:30,21:30,,Italian in Shibuya with a view.,시부야에서 전망이 좋은 이탈리안식 레스토랑,Book ahead,미리 예약 필수,,,"https://www.google.com/maps/place/%EC%95%84+%EB%B9%84%EC%97%94%ED%86%A0+%EC%8B%9C%EB%B6%80%EC%95%BC+%EC%95%BC%EC%BC%80+%EB%A0%88%EC%8A%A4%ED%86%A0%EB%9E%91/@35.6585979,139.6983549,18z/data=!3m2!4b1!5s0x60188b57c56e558b:0xdb78b1ec2546ac0!4m6!3m5!1s0x60188b57c35f334f:0xe7014f98b83994d!8m2!3d35.6585979!4d139.6996424!16s%2Fg%2F1tkrlsv8?entry=ttu&g_ep=EgoyMDI2MDQxNS4wIKXMDSoASAFQAw%3D%3D",5000,JPY,,,,,,
tokyo-shibuya-ichiran-spainjaka,tokyo,Ichiran Shibuya Spain-zaka,이치란 시부야 스페인자카점,food,lunch,activity|food|photo|culture|nature|shopping|local|popular,solo|couple|friends|parents|kids,35.660419,139.6982047,45,60,75,2,shibuya,,,,Japan's signature tonkotsu ramen brand — Ichiran.,일본 대표 라멘 브랜드인 이치란 라멘,"New to Japanese ramen? Ichiran alone is plenty|Always a queue — skip lunch peak, go early morning or late night|Ticket-machine ordering — customize spice and toppings",라멘 입문자에게 이치란 하나면 충분|웨이팅 있으니 점심 피크 시간 피하거나 아침·심야 방문|주문은 자판기 — 맵기·토핑 커스터마이즈 가능,,,"https://www.google.com/maps/place/%EC%9D%B4%EC%B9%98%EB%9E%80+%EC%8B%9C%EB%B6%80%EC%95%BC+%EC%8A%A4%ED%8E%98%EC%9D%B8%EC%9E%90%EC%B9%B4%EC%A0%90/@35.660419,139.6982047,18.78z/data=!3m1!5s0x60188ca9ab7a4a09:0x475d075cc6600b2b!4m6!3m5!1s0x60188ca9ab71057d:0x3cf8b41707c84c2b!8m2!3d35.6609856!4d139.6987137!16s%2Fg%2F1q62crr8w?entry=ttu&g_ep=EgoyMDI2MDQxNS4wIKXMDSoASAFQAw%3D%3D",1500,JPY,,ichiran,,,,
tokyo-shibuya-matuya-shibuyacenter,tokyo,Matsuya Shibuya Center,마츠야 시부야센터점,food,lunch,activity|food|photo|culture|nature|shopping|local|popular,solo|couple|friends,35.660419,139.6982047,30,45,60,3,shibuya,,,,Matsuya Shibuya — one of Japan's big-three gyudon chains alongside Yoshinoya and Sukiya.,요시노야·스키야와 함께 일본 3대 규동 체인점,"Lunch sets 11:00-15:00 — the value window|Ticket-machine ordering, no Japanese needed|Good for a quick solo lunch",오전 11시~오후 3시 런치세트 주문 가능 — 가격 저렴|키오스크 주문이라 일본어 몰라도 가능|혼밥·빠른 점심에 적합,,,"https://www.google.com/maps/place/%EB%A7%88%EC%B8%A0%EC%95%BC+%EC%8B%9C%EB%B6%80%EC%95%BC%EC%84%BC%ED%84%B0%EC%A0%90/@35.660419,139.6982047,18.78z/data=!3m1!5s0x60188ca8357b9da5:0x8c6405da8c46adbf!4m6!3m5!1s0x60188ca84a9b0405:0x59deb4f682fe865!8m2!3d35.660171!4d139.698908!16s%2Fg%2F1vf9cbzr?entry=ttu&g_ep=EgoyMDI2MDQxNS4wIKXMDSoASAFQAw%3D%3D",1000,JPY,,matsuya,,,,
tokyo-shibuya-shibuya109,tokyo,Shibuya 109,시부야 109,shopping,,shopping|local,solo|couple|friends|parents|kids,35.660419,139.6982047,60,90,120,4,shibuya,10:00,21:00,,Shibuya shopping mall classic.,시부야에서 쇼핑몰 가고 싶을 때 들리기 좋은 곳,,,,,"https://www.google.com/maps/place/%EC%8B%9C%EB%B6%80%EC%95%BC109/@35.660419,139.6982047,18.78z/data=!3m1!5s0x60188ca9cd4c44b5:0xc538795a27b68b27!4m6!3m5!1s0x60188ca9cd6c1c87:0x55a2a75ba417e072!8m2!3d35.6595771!4d139.698728!16s%2Fm%2F03m78kc?entry=ttu&g_ep=EgoyMDI2MDQxNS4wIKXMDSoASAFQAw%3D%3D",0,JPY,,,,,,
tokyo-shibuya-keika-ramen,tokyo,Keika Ramen Shibuya Center-gai,케이카 라멘 시부야센터거리점,food,lunch,activity|food|photo|culture|nature|shopping|local|popular,solo|couple|friends|parents|kids,35.660419,139.6982047,45,60,75,3,shibuya,9:00,23:00,,Ramen with a flavor that sits between Japanese and Chinese.,일본과 중국 사이에 있는 라멘 맛이 느껴지는 곳,,,,,"https://www.google.com/maps/place/%EC%BC%80%EC%9D%B4%EC%B9%B4+%EB%9D%BC%EB%A9%98+%EC%8B%9C%EB%B6%80%EC%95%BC%EC%84%BC%ED%84%B0%EA%B1%B0%EB%A6%AC%EC%A0%90/@35.660419,139.6982047,18.78z/data=!4m6!3m5!1s0x60188d7b931a3215:0xe20acde08e314fda!8m2!3d35.6602051!4d139.6987123!16s%2Fg%2F1tpf73fr?entry=ttu&g_ep=EgoyMDI2MDQxNS4wIKXMDSoASAFQAw%3D%3D",1500,JPY,,,,,,
tokyo-shibuya-jikasei-mensho,tokyo,Jikasei Mensho,Jikasei MENSHO,food,lunch,activity|food|photo|culture|nature|shopping|local|popular,solo|couple|friends|parents|kids,35.6618699,139.6989946,45,60,75,3,shibuya,11:00,21:00,,Ramen spot on B1 of Shibuya Parco.,파르코 쇼핑몰 지하 1층에 있는 라멘 맛집  ,Vegan ramen also on the menu,비건 라멘도 있는 곳,,,"https://www.google.com/maps/place/Jikasei+MENSHO/@35.6618699,139.6989946,19.09z/data=!3m1!5s0x60188ca91d999a73:0x2b0020417147c9a8!4m6!3m5!1s0x60188d1665913a2d:0x1c5a02959036d3fb!8m2!3d35.6620648!4d139.698835!16s%2Fg%2F11fq8nv6hm?entry=ttu&g_ep=EgoyMDI2MDQxNS4wIKXMDSoASAFQAw%3D%3D",1500,JPY,,,,,,
tokyo-shibuya-wagyu-haral-ramen,tokyo,Wagyu Halal Ramen Shibuya,와규 할랄 라멘 시부야,food,lunch,activity|food|photo|culture|nature|shopping|local|popular,solo|couple|friends|parents|kids,35.6618699,139.6989946,45,60,75,3,shibuya,11:00,22:00,,Ramen shop known for wagyu beef on the bowl.,와규가 들어가는 라멘으로 유명한 맛집,Halal — no alcohol served|On the pricier side,할랄 식당이라 술은 없는 곳|가격은 다소 비싼 편,,,"https://www.google.com/maps/place/%EC%99%80%EA%B7%9C+%ED%95%A0%EB%9E%84+%EB%9D%BC%EB%A9%98+%EC%8B%9C%EB%B6%80%EC%95%BC/@35.6618699,139.6989946,19.09z/data=!3m1!5s0x60188b58f93e91ad:0x816b0cea94d07d82!4m6!3m5!1s0x60188d3b79af2c79:0x27d70794daee2cba!8m2!3d35.6618266!4d139.6999647!16s%2Fg%2F11x807s1zy?entry=ttu&g_ep=EgoyMDI2MDQxNS4wIKXMDSoASAFQAw%3D%3D",3000,JPY,,,,,,
tokyo-shibuya-tskimonza,tokyo,Tsukishima Monja Okoge Shibuya,츠키시마몬자 오코게 시부야,food,dinner,activity|food|photo|culture|nature|shopping|local|popular,solo|couple|friends|parents|kids,35.6604493,139.6980795,45,60,75,3,shibuya,10:30,23:00,,Monjayaki alternative when you've had enough of Moheji.,모헤지가 질릴 때 가보기 좋은 몬자야키 맛집,No foreign-language menu,외국어 메뉴판은 없음,,,"https://www.google.com/maps/place/%EC%B8%A0%ED%82%A4%EC%8B%9C%EB%A7%88%EB%AA%AC%EC%9E%90+%EC%98%A4%EC%BD%94%EA%B2%8C+%EC%8B%9C%EB%B6%80%EC%95%BC/@35.6604493,139.6980795,18z/data=!3m2!4b1!5s0x60188ca847fcadcd:0xb4a91f6034bd5610!4m6!3m5!1s0x60188d5cd4b42aa1:0x1b75d283cc22eeba!8m2!3d35.6604493!4d139.699402!16s%2Fg%2F11j21yn8t3?entry=ttu&g_ep=EgoyMDI2MDQxNS4wIKXMDSoASAFQAw%3D%3D",3000,JPY,,,,,,
tokyo-shibuya-uogashinihonichi,tokyo,Sushi Uogashi Nihon-Ichi Shibuya Dogenzaka,스시 우오가시니혼이치 시부야 도겐자카점,food,dinner,activity|food|photo|culture|nature|shopping|local|popular,solo|couple|friends|parents|kids,35.6597257,139.6980926,45,60,75,3,shibuya,11:00,23:00,,Standing sushi counter — cheaper than sitting down.,서서 먹는 가성비가 좋은 초밥집,Pieces made to order and passed over the counter,주문하면 바로 만들어서 올려주는 식당,,,"https://www.google.com/maps/place/%EC%8A%A4%EC%8B%9C+%EC%9A%B0%EC%98%A4%EA%B0%80%EC%8B%9C%EB%8B%88%ED%98%BC%EC%9D%B4%EC%B9%98+%EC%8B%9C%EB%B6%80%EC%95%BC+%EB%8F%84%EA%B2%90%EC%9E%90%EC%B9%B4%EC%A0%90/@35.6597257,139.6980926,18.78z/data=!4m6!3m5!1s0x60188ca9d762bf87:0x50712f246ece5137!8m2!3d35.6589379!4d139.6981904!16s%2Fg%2F1tfd6zh7?entry=ttu&g_ep=EgoyMDI2MDQxNS4wIKXMDSoASAFQAw%3D%3D",3000,JPY,,,,,,
tokyo-shibuya-sushimidori,tokyo,Sushi no Midori Shibuya,스시노미도리 시부야점,food,dinner,activity|food|photo|culture|nature|shopping|local|popular,solo|couple|friends|parents|kids,35.6598317,139.6978978,45,60,75,2,shibuya,11:00,21:00,,One of Shibuya's staple sushi spots — reservations effectively required.,미리 예약하는 게 필수인 대표 초밥 맛집,Reserve via Google ahead of time|No reservation? Line up 20 minutes before opening,구글에서 미리 예약 추천|예약하지 않았다면 오픈 20분 전 대기 추천,,,"https://www.google.com/maps/place/%EC%8A%A4%EC%8B%9C%EB%85%B8%EB%AF%B8%EB%8F%84%EB%A6%AC+%EC%8B%9C%EB%B6%80%EC%95%BC%EC%A0%90/@35.6598317,139.6978978,18.61z/data=!3m1!5s0x60188b5631f5f4af:0xf2c804907c6b11f9!4m6!3m5!1s0x60188b57cdb8d5bb:0x5f3488310a317d5e!8m2!3d35.6583453!4d139.6989875!16s%2Fg%2F1tf6xbh5?entry=ttu&g_ep=EgoyMDI2MDQxNS4wIKXMDSoASAFQAw%3D%3D",1000,JPY,,,,,,
tokyo-shibuya-niigata-katsdong,tokyo,Niigata Katsudon Tarekatsu Shibuya,니이가타 카츠동 타레카츠 시부야점,food,lunch,activity|food|photo|culture|nature|shopping|local|popular,solo|couple|friends|parents|kids,35.659047,139.6974068,45,60,75,3,shibuya,11:00,22:30,,Shibuya's go-to katsudon.,시부야에서 유명한 카츠동 맛집,,,,,"https://www.google.com/maps/place/%EB%8B%88%EC%9D%B4%EA%B0%80%ED%83%80+%EC%B9%B4%EC%B8%A0%EB%8F%99+%ED%83%80%EB%A0%88%EC%B9%B4%EC%B8%A0+%EC%8B%9C%EB%B6%80%EC%95%BC%EC%A0%90/@35.659047,139.6974068,18.09z/data=!4m6!3m5!1s0x60188b57c8684045:0x7869a0bfbc459282!8m2!3d35.6580557!4d139.6992802!16s%2Fg%2F11bxc5rsnl?entry=ttu&g_ep=EgoyMDI2MDQxNS4wIKXMDSoASAFQAw%3D%3D",2000,JPY,,,,,,
tokyo-shibuya-matze,tokyo,Matsue Shibuya Scramble Square,마츠에 시부야 스크램블스퀘어점,food,lunch,activity|food|photo|culture|nature|shopping|local|popular,solo|couple|friends|parents|kids,35.659047,139.6974068,60,75,90,3,shibuya,11:00,23:00,,Shibuya's upscale-sushi option.,시부야에서 고급스러운 스시를 먹고 싶을 때 가기 좋은 곳,Book ahead,미리 예약하는 걸 추천,,,"https://www.google.com/maps/place/%EB%A7%88%EC%B8%A0%EC%97%90+%EC%8B%9C%EB%B6%80%EC%95%BC+%EC%8A%A4%ED%81%AC%EB%9E%A8%EB%B8%94%EC%8A%A4%ED%80%98%EC%96%B4%EC%A0%90/@35.659047,139.6974068,18.09z/data=!3m1!5s0x60188b7b9c819b61:0xc83b5e6b26751d60!4m6!3m5!1s0x60188b78f26a7357:0x15ec7c200a23c52a!8m2!3d35.6583364!4d139.7020523!16s%2Fg%2F11h7q3pn7p?entry=ttu&g_ep=EgoyMDI2MDQxNS4wIKXMDSoASAFQAw%3D%3D",5000,JPY,,,,,,
tokyo-roppongi-roppongi-hills,tokyo,Roppongi Hills,롯폰기 힐스,shopping,,food|photo|shopping|local|popular,solo|couple|friends|parents|kids,35.6606443,139.728899,60,120,180,2,roppongi,11:00,20:00,,"Mixed-use complex — restaurants, a museum, and shopping under one roof.","레스토랑, 미술관, 쇼핑몰이 모두 들어가 있는 복합 단지",Winter illuminations are the seasonal draw,겨울에는 일루미네이션 보기 좋은 곳,,,"https://www.google.com/maps/place/%EB%A1%AF%ED%8F%B0%EA%B8%B0+%ED%9E%90%EC%8A%A4/@35.6606443,139.728899,19.3z/data=!3m1!5s0x60188b57c56e558b:0xdb78b1ec2546ac0!4m14!1m7!3m6!1s0x60188b57c35f334f:0xe7014f98b83994d!2z7JWEIOu5hOyXlO2GoCDsi5zrtoDslbwg7JW87LyAIOugiOyKpO2GoOuekQ!8m2!3d35.6585979!4d139.6996424!16s%2Fg%2F1tkrlsv8!3m5!1s0x60188b771049dc33:0x5bfe0248594cc802!8m2!3d35.6607397!4d139.7292319!16zL20vMDFyMl9r?entry=ttu&g_ep=EgoyMDI2MDQxNS4wIKXMDSoASAFQAw%3D%3D",0,JPY,,,https://www.klook.com/activity/15762-roppongi-hills-observatory-deck-tokyo/?aid=118462,,,
tokyo-roppongi-morri-museum,tokyo,Mori Art Museum,모리 미술관,experience,,culture|nature|local,solo|couple|friends|parents,35.6606443,139.728899,60,90,120,3,roppongi,10:00,22:00,,Contemporary art museum with international programming.,세계적인 현대 미술 작품을 전시하는 미술관,Check what's showing before you go,현재 전시 현황 확인 필요,,,"https://www.google.com/maps/place/%EB%AA%A8%EB%A6%AC+%EB%AF%B8%EC%88%A0%EA%B4%80/@35.6606443,139.728899,19.3z/data=!3m1!5s0x60188b770968fbdd:0xade6fa826b6e383d!4m14!1m7!3m6!1s0x60188b57c35f334f:0xe7014f98b83994d!2z7JWEIOu5hOyXlO2GoCDsi5zrtoDslbwg7JW87LyAIOugiOyKpO2GoOuekQ!8m2!3d35.6585979!4d139.6996424!16s%2Fg%2F1tkrlsv8!3m5!1s0x60188b770f429483:0xff33d131dc8d6e9!8m2!3d35.6604621!4d139.7292785!16s%2Fm%2F0g5t56r?entry=ttu&g_ep=EgoyMDI2MDQxNS4wIKXMDSoASAFQAw%3D%3D",2000,JPY,,,,,,
tokyo-roppongi-cityview-skydeck,tokyo,Tokyo City View & Sky Deck,도쿄 시티뷰&스카이덱,sight,,activity|photo|local|popular,solo|couple|friends|parents|kids,35.6606345,139.7291026,60,90,120,2,roppongi,10:00,22:00,,Observation deck on the 52nd floor of Roppongi Hills Mori Tower.,롯폰기 힐즈 모리타워 52층의 전망대,"Signage calls it 'Tokyo City View' — follow that, not 'Roppongi Hills Observatory'|Books up fast — reserve at least a week out",간판에는 '도쿄시티뷰'로 표시돼 있으니 그 표지판 따라가기|예약이 빨리 마감되니 일주일 전에는 확보,,,"https://www.google.com/maps/place/%EB%8F%84%EC%BF%84+%EC%8B%9C%ED%8B%B0%EB%B7%B0+%26+%EC%8A%A4%EC%B9%B4%EC%9D%B4%EB%8D%B1/@35.6606345,139.7291026,19.23z/data=!3m1!5s0x60188b770968fbdd:0xade6fa826b6e383d!4m14!1m7!3m6!1s0x60188b57c35f334f:0xe7014f98b83994d!2z7JWEIOu5hOyXlO2GoCDsi5zrtoDslbwg7JW87LyAIOugiOyKpO2GoOuekQ!8m2!3d35.6585979!4d139.6996424!16s%2Fg%2F1tkrlsv8!3m5!1s0x60188b770edd442b:0x667ab47030771257!8m2!3d35.6600712!4d139.7292907!16s%2Fg%2F11bccll_jd?entry=ttu&g_ep=EgoyMDI2MDQxNS4wIKXMDSoASAFQAw%3D%3D",2100,JPY,,,https://www.klook.com/activity/15762-roppongi-hills-observatory-deck-tokyo/?aid=118462,,,
tokyo-roppongi-chrudongtan,tokyo,Tsurutontan Roppongi,츠루동탄 롯폰기점,food,lunch,activity|food|photo|culture|nature|shopping|local|popular,solo|couple|friends|parents|kids,35.6645225,139.7312163,60,75,90,3,roppongi,12:00,0:00:00,,Udon shop famous for the mentaiko cream udon.,명란 크림 우동이 유명한 우동 맛집,Expect a wait — avoid peak meal hours,웨이팅 필수라 피크 식사 시간대 피하기,,,"https://www.google.com/maps/place/%EC%B8%A0%EB%A3%A8%EB%8F%99%ED%83%84+%EB%A1%AF%ED%8F%B0%EA%B8%B0%EC%A0%90/@35.6645225,139.7312163,17.85z/data=!3m1!5s0x60188b78fbe99851:0xe0cebff88c5e0346!4m14!1m7!3m6!1s0x60188b57c35f334f:0xe7014f98b83994d!2z7JWEIOu5hOyXlO2GoCDsi5zrtoDslbwg7JW87LyAIOugiOyKpO2GoOuekQ!8m2!3d35.6585979!4d139.6996424!16s%2Fg%2F1tkrlsv8!3m5!1s0x60188b9b01869971:0x58c5b9221e6a7f14!8m2!3d35.6649932!4d139.7298282!16s%2Fg%2F1tcw84wy?entry=ttu&g_ep=EgoyMDI2MDQxNS4wIKXMDSoASAFQAw%3D%3D",2000,JPY,,,,,,
tokyo-roppongi-tszihan,tokyo,Tsujihan Tokyo Midtown,츠지한 도쿄 미드타운점,food,dinner,activity|food|photo|culture|nature|shopping|local|popular,solo|couple|friends|parents|kids,35.6645225,139.7312163,45,60,75,2,roppongi,11:00,20:30,,Midtown branch of Tsujihan — kaisendon seafood bowls are the draw.,카이센동이 유명한 츠지한의 미드타운 지점,Expect a wait — avoid peak meal hours,웨이팅 필수라 피크 식사 시간대 피하기,,,"https://www.google.com/maps/place/%EC%B8%A0%EC%A7%80%ED%95%9C+%EB%8F%84%EC%BF%84+%EB%AF%B8%EB%93%9C%ED%83%80%EC%9A%B4%EC%A0%90/@35.6645225,139.7312163,17.85z/data=!3m1!5s0x60188b78945432c1:0xf060e0ac4f89e3d7!4m14!1m7!3m6!1s0x60188b57c35f334f:0xe7014f98b83994d!2z7JWEIOu5hOyXlO2GoCDsi5zrtoDslbwg7JW87LyAIOugiOyKpO2GoOuekQ!8m2!3d35.6585979!4d139.6996424!16s%2Fg%2F1tkrlsv8!3m5!1s0x60188b49c5451d59:0x5e165b72c29d872b!8m2!3d35.6656151!4d139.7307312!16s%2Fg%2F11lpfmq1gn?entry=ttu&g_ep=EgoyMDI2MDQxNS4wIKXMDSoASAFQAw%3D%3D",2000,JPY,,,,,,
tokyo-roppongi-tokyomidtown,tokyo,Tokyo Midtown,도쿄 미드타운,shopping,,shopping|local|popular,solo|couple|friends|parents|kids,35.6645225,139.7312163,60,90,120,3,roppongi,11:00,23:00,,"Mixed-use complex — restaurants, a museum, and shopping under one roof.","레스토랑, 미술관, 쇼핑몰이 모두 들어가 있는 복합 단지",,,,,"https://www.google.com/maps/place/%EB%8F%84%EC%BF%84+%EB%AF%B8%EB%93%9C%ED%83%80%EC%9A%B4/@35.6645225,139.7312163,17.85z/data=!3m1!5s0x60188b78945432c1:0x7acbd95657b55136!4m14!1m7!3m6!1s0x60188b57c35f334f:0xe7014f98b83994d!2z7JWEIOu5hOyXlO2GoCDsi5zrtoDslbwg7JW87LyAIOugiOyKpO2GoOuekQ!8m2!3d35.6585979!4d139.6996424!16s%2Fg%2F1tkrlsv8!3m5!1s0x60188b78922e6353:0xeb3e39dbe18da4d6!8m2!3d35.6659803!4d139.7308747!16zL20vMDd3N3Zs?entry=ttu&g_ep=EgoyMDI2MDQxNS4wIKXMDSoASAFQAw%3D%3D",0,JPY,,,,,,
tokyo-roppongi-donkihote-roppongi,tokyo,Don Quijote Roppongi,돈키호테 롯폰기점,shopping,,shopping|popular,solo|couple|friends|parents|kids,35.6625129,139.7311972,60,90,120,3,roppongi,,,,24-hour Don Quijote near Roppongi Hills.,롯폰기역 근처에서 24시간 영업을 하는 돈키호테,"Quieter than the Shibuya or Shinjuku branches — easier browsing|Tax-free kicks in at ¥5,000|Medicine aisle often closed overnight",시부야·신주쿠 지점보다 한산해서 쇼핑 여유 있음|면세는 5천 엔 이상부터 적용|새벽 시간대 의약품 코너 닫히는 경우 많음,,,"https://www.google.com/maps/place/%EB%8F%88%ED%82%A4%ED%98%B8%ED%85%8C+%EB%A1%AF%ED%8F%B0%EA%B8%B0%EC%A0%90/@35.6625129,139.7311972,17.86z/data=!3m1!5s0x60188b57c56e558b:0xdb78b1ec2546ac0!4m14!1m7!3m6!1s0x60188b57c35f334f:0xe7014f98b83994d!2z7JWEIOu5hOyXlO2GoCDsi5zrtoDslbwg7JW87LyAIOugiOyKpO2GoOuekQ!8m2!3d35.6585979!4d139.6996424!16s%2Fg%2F1tkrlsv8!3m5!1s0x60188b9cfd2a5677:0x5c1c96cbbf2985b7!8m2!3d35.6624288!4d139.7346473!16s%2Fg%2F1w6_ntnx?entry=ttu&g_ep=EgoyMDI2MDQxNS4wIKXMDSoASAFQAw%3D%3D",0,JPY,,donki,,,,
tokyo-roppongi-teamlab-boderless,tokyo,teamLab Borderless,팀랩 보더리스,experience,,activity|photo|popular,solo|couple|friends|parents|kids,35.6591502,139.7407576,60,90,120,2,roppongi,8:30,21:00,,Digital art museum by teamLab.,디지털 아트 그룹 팁램에서 만든 아트 뮤지엄,Central Azabudai Hills location — easier from Ginza or Roppongi than Planets|Tickets go less quickly than Planets,시내 중심가라 긴자·롯폰기에서 쉽게 접근 가능 (플래닛보다 위치 유리)|티켓팅이 플래닛보다 수월,,tokyo-teamlab-borderless-planets-guide,"https://www.google.com/maps/place/teamLab+Borderless:+MORI+Building+DIGITAL+ART+MUSEUM/@35.6591502,139.7407576,17.09z/data=!3m1!5s0x60188b9741cfc0d3:0xc91c5c5975739ded!4m14!1m7!3m6!1s0x60188b57c35f334f:0xe7014f98b83994d!2z7JWEIOu5hOyXlO2GoCDsi5zrtoDslbwg7JW87LyAIOugiOyKpO2GoOuekQ!8m2!3d35.6585979!4d139.6996424!16s%2Fg%2F1tkrlsv8!3m5!1s0x601889fad49a9443:0x5831aba3288d2651!8m2!3d35.6620689!4d139.7432671!16s%2Fg%2F11ggvtjmjl?entry=ttu&g_ep=EgoyMDI2MDQxNS4wIKXMDSoASAFQAw%3D%3D",3600,JPY,,,https://www.klook.com/activity/20707-teamlab-borderless-admission-ticket-tokyo/?aid=118462,,,
tokyo-roppongi-tokyo-tower,tokyo,Tokyo Tower Observatory,도쿄타워 전망대,sight,,activity|photo|popular,solo|couple|friends|parents|kids,35.6591502,139.7407576,60,90,120,1,roppongi,9:00,23:00,,"Tokyo's signature photo-tower — 333m, two decks (Main and the upper Top Deck, which needs a timed reservation).",도쿄에서 가장 대표 포토스팟인 타워,"Arrive 30 minutes before your Top Deck slot — there's a check-in process|For night views, book a slot starting ~30 minutes before sunset|Slots sell out fast — book as soon as the itinerary is locked",Top Deck는 예약 시간 30분 전 도착 (입장 프로세스 때문)|야경 보려면 일몰 30분 전 시간대 예약|예약 매진 빨라 일정 확정되면 바로 티켓팅,,,"https://www.google.com/maps/place/%EB%8F%84%EC%BF%84+%ED%83%80%EC%9B%8C/@35.6591502,139.7407576,17.09z/data=!3m1!5s0x60188b57c56e558b:0xdb78b1ec2546ac0!4m14!1m7!3m6!1s0x60188b57c35f334f:0xe7014f98b83994d!2z7JWEIOu5hOyXlO2GoCDsi5zrtoDslbwg7JW87LyAIOugiOyKpO2GoOuekQ!8m2!3d35.6585979!4d139.6996424!16s%2Fg%2F1tkrlsv8!3m5!1s0x60188bbd9009ec09:0x481a93f0d2a409dd!8m2!3d35.6585805!4d139.7454329!16zL20vMDEzMl94?entry=ttu&g_ep=EgoyMDI2MDQxNS4wIKXMDSoASAFQAw%3D%3D",2000,JPY,,,https://www.klook.com/activity/4911-tokyo-tower-main-observatory-ticket-tokyo/?aid=118462,,,
tokyo-ginza-waco,tokyo,Wako Main Store,와코 본관,sight,,local,solo|couple|friends|parents|kids,35.6719274,139.7626302,10,20,30,4,ginza,11:00,19:00,,Ginza's clock-tower landmark — the building you see in every postcard.,시계로 유명한 긴자의 대표 랜드마크,,,,,"https://www.google.com/maps/place/%EC%99%80%EC%BD%94+%EB%B3%B8%EA%B4%80/@35.6719274,139.7626302,16.83z/data=!3m1!5s0x60188be67efdb0dd:0x4ceb5b050615cf6b!4m14!1m7!3m6!1s0x60188b57c35f334f:0xe7014f98b83994d!2z7JWEIOu5hOyXlO2GoCDsi5zrtoDslbwg7JW87LyAIOugiOyKpO2GoOuekQ!8m2!3d35.6585979!4d139.6996424!16s%2Fg%2F1tkrlsv8!3m5!1s0x60188be67f079b9d:0x65bf40986312de69!8m2!3d35.671735!4d139.7650442!16s%2Fg%2F1td69w38?entry=ttu&g_ep=EgoyMDI2MDQxNS4wIKXMDSoASAFQAw%3D%3D",0,JPY,,,,,,
tokyo-ginza-ginza-six,tokyo,Ginza Six,긴자식스,shopping,,shopping|local|popular,solo|couple|friends|parents|kids,35.6719274,139.7626302,60,90,120,3,ginza,10:30,20:30,,Ginza's biggest shopping complex.,긴자에서 가장 유명한 쇼핑몰,,,,,"https://www.google.com/maps/place/%EA%B8%B4%EC%9E%90+%EC%8B%9D%EC%8A%A4/@35.6719274,139.7626302,16.83z/data=!3m1!5s0x60188be649ab2755:0x641a401ce3acec60!4m14!1m7!3m6!1s0x60188b57c35f334f:0xe7014f98b83994d!2z7JWEIOu5hOyXlO2GoCDsi5zrtoDslbwg7JW87LyAIOugiOyKpO2GoOuekQ!8m2!3d35.6585979!4d139.6996424!16s%2Fg%2F1tkrlsv8!3m5!1s0x60188bef472c0001:0xcfcb0363f18109fc!8m2!3d35.6697688!4d139.7641762!16s%2Fg%2F11c5fl50j6?entry=ttu&g_ep=EgoyMDI2MDQxNS4wIKXMDSoASAFQAw%3D%3D",0,JPY,,,,,,
tokyo-ginza-donkihote-ginza,tokyo,Don Quijote Ginza Main,돈키호테 긴자본관,shopping,,shopping,solo|couple|friends|parents|kids,35.6719274,139.7626302,60,90,120,3,ginza,,,,Ginza's 24-hour Don Quijote — far less chaotic than the Shibuya or Shinjuku branches.,긴자에서 24시간 영업을 하는 돈키호테,"Unhurried gift shopping — nothing like the chaos of other branches|Spend ¥5,000+ to qualify for tax-free|24/7 in theory, but some aisles close overnight",쇼핑 여유로운 편이라 선물·기념품 천천히 고르기 좋음|5천 엔 이상 구매해야 면세 적용|24시간이지만 새벽엔 일부 코너 닫힘,,,"https://www.google.com/maps/place/%EB%8F%88%ED%82%A4%ED%98%B8%ED%85%8C+%EA%B8%B4%EC%9E%90%EB%B3%B8%EA%B4%80/@35.6719274,139.7626302,16.83z/data=!3m1!5s0x60188be85a0f05ad:0x4ceb5b0529abbdf0!4m14!1m7!3m6!1s0x60188b57c35f334f:0xe7014f98b83994d!2z7JWEIOu5hOyXlO2GoCDsi5zrtoDslbwg7JW87LyAIOugiOyKpO2GoOuekQ!8m2!3d35.6585979!4d139.6996424!16s%2Fg%2F1tkrlsv8!3m5!1s0x60188be80f065c13:0x5f71c9a560322bca!8m2!3d35.667122!4d139.7618936!16s%2Fg%2F1tf5dr0l?entry=ttu&g_ep=EgoyMDI2MDQxNS4wIKXMDSoASAFQAw%3D%3D",0,JPY,,donki,,,,
tokyo-ginza-kyoto-ramen-moriginza,tokyo,Kyoto Ramen Mori Ginza,교토 라멘 모리 긴자,food,dinner,activity|food|photo|culture|nature|shopping|local|popular,solo|couple|friends|parents|kids,35.6719274,139.7626302,45,60,75,3,ginza,11:30,22:00,,Ginza ramen shop built around miso ramen.,미소 라멘이 유명한 긴자 맛집,Afternoon break 15:30-17:30|Expect a wait,오후 3시 30분부터 5시 30분까지 브레이크 타임|웨이팅 있음,,,"https://www.google.com/maps/place/Kyoto+Ramen+MORRY+Ginza/@35.6719274,139.7626302,16.83z/data=!3m1!5s0x60188be7a1c45d37:0x486cece4772068e0!4m14!1m7!3m6!1s0x60188b57c35f334f:0xe7014f98b83994d!2z7JWEIOu5hOyXlO2GoCDsi5zrtoDslbwg7JW87LyAIOugiOyKpO2GoOuekQ!8m2!3d35.6585979!4d139.6996424!16s%2Fg%2F1tkrlsv8!3m5!1s0x60188b0015148dfd:0xc3d02a687b44920f!8m2!3d35.6685238!4d139.7647652!16s%2Fg%2F11vqdn6m01?entry=ttu&g_ep=EgoyMDI2MDQxNS4wIKXMDSoASAFQAw%3D%3D",1500,JPY,,,,,,
tokyo-ginza-uniqlo,tokyo,Uniqlo Ginza,유니클로 긴자점,shopping,,shopping,solo|couple|friends|parents|kids,35.6719274,139.7626302,60,90,120,3,ginza,11:00,21:00,,Uniqlo's 13-floor Ginza flagship.,13층 건물 전체가 유니클로로 이용되는 곳,,,,,"https://www.google.com/maps/place/%EC%9C%A0%EB%8B%88%ED%81%B4%EB%A1%9C+%EA%B8%B4%EC%9E%90%EC%A0%90/@35.6719274,139.7626302,16.83z/data=!3m1!5s0x60188be616e4127b:0xb343ddf465dffb5!4m14!1m7!3m6!1s0x60188b57c35f334f:0xe7014f98b83994d!2z7JWEIOu5hOyXlO2GoCDsi5zrtoDslbwg7JW87LyAIOugiOyKpO2GoOuekQ!8m2!3d35.6585979!4d139.6996424!16s%2Fg%2F1tkrlsv8!3m5!1s0x60188be66e07d36f:0x45e536859ebe18d3!8m2!3d35.6702448!4d139.7634686!16s%2Fg%2F1th8736p?entry=ttu&g_ep=EgoyMDI2MDQxNS4wIKXMDSoASAFQAw%3D%3D",0,JPY,,uniqlo,,,,
tokyo-ginza-tendon-tenya-ginza,tokyo,Tendon Tenya Ginza,텐동 텐야 긴자점,food,lunch,activity|food|photo|culture|nature|shopping|local|popular,solo|couple|friends|parents|kids,35.6718587,139.7657456,30,45,60,3,ginza,10:30,21:00,,Tendon chain — easy quick meal.,간단히 텐동 먹기 좋은 프랜차이즈,Tablet ordering at each seat|Foreign-language ordering supported,각 좌석에 있는 태블릿으로 주문|외국어 주문 가능,,,"https://www.google.com/maps/place/%ED%85%90%EB%8F%99+%ED%85%90%EC%95%BC+%EA%B8%B4%EC%9E%90%EC%A0%90/@35.6718587,139.7657456,17.83z/data=!3m1!5s0x60188be137c93579:0x8b1f9e787ee1dbcf!4m14!1m7!3m6!1s0x60188b57c35f334f:0xe7014f98b83994d!2z7JWEIOu5hOyXlO2GoCDsi5zrtoDslbwg7JW87LyAIOugiOyKpO2GoOuekQ!8m2!3d35.6585979!4d139.6996424!16s%2Fg%2F1tkrlsv8!3m5!1s0x60188be13611626d:0x6a5aa276bcfec624!8m2!3d35.6718709!4d139.7682582!16s%2Fg%2F1tdc56g1?entry=ttu&g_ep=EgoyMDI2MDQxNS4wIKXMDSoASAFQAw%3D%3D",1000,JPY,,tendon-tenya,,,,
tokyo-tokyo-station-station,tokyo,Tokyo Station,도쿄역,shopping,,photo|budget|culture|local|popular,solo|couple|friends|parents|kids,35.6813871,139.7641144,30,45,60,2,tokyo-station,,,,Japan's most iconic train station.,일본에서 가장 유명한 역,Marunouchi Plaza out front is the signature photo angle,바로 앞 마루노우치 광장에서 사진 촬영,,,"https://www.google.com/maps/place/%EB%8F%84%EC%BF%84%EC%97%AD+%EB%A7%88%EB%A3%A8%EB%85%B8%EC%9A%B0%EC%B9%98+%EA%B4%91%EC%9E%A5/@35.6813871,139.7641144,17.5z/data=!3m1!5s0x60188b57c56e558b:0xdb78b1ec2546ac0!4m14!1m7!3m6!1s0x60188b57c35f334f:0xe7014f98b83994d!2z7JWEIOu5hOyXlO2GoCDsi5zrtoDslbwg7JW87LyAIOugiOyKpO2GoOuekQ!8m2!3d35.6585979!4d139.6996424!16s%2Fg%2F1tkrlsv8!3m5!1s0x60188bf979712903:0x710fa891148d8b9a!8m2!3d35.6815604!4d139.7654768!16s%2Fg%2F11d_8_2sv4?entry=ttu&g_ep=EgoyMDI2MDQxNS4wIKXMDSoASAFQAw%3D%3D",1000,JPY,,,,,,
tokyo-tokyo-station-kitte,tokyo,KITTE Marunouchi,킷테 마루노우치,shopping,,photo|budget|shopping|local|popular,solo|couple|friends|parents|kids,35.6813871,139.7641144,30,60,90,2,tokyo-station,11:00,22:00,,Complex right next to Tokyo Station — the 6F rooftop garden is the classic Tokyo Station night-view angle.,도쿄역 바로 옆에 있는 복합 쇼핑몰,The rooftop garden is free|Weekday evenings run calmer than weekends|Easy to slot into a Tokyo Station or Ginza evening,6층 루프탑 가든에서 야경 관람|평일 저녁이 주말보다 한산하고 뷰 좋음|도쿄역·긴자 동선에 끼워넣기 좋음,,,"https://www.google.com/maps/place/%ED%82%B7%ED%85%8C+%EB%A7%88%EB%A3%A8%EB%85%B8%EC%9A%B0%EC%B9%98/@35.6813871,139.7641144,17.5z/data=!3m1!5s0x60188bfa360075d5:0xa230d50ac263a5b0!4m14!1m7!3m6!1s0x60188b57c35f334f:0xe7014f98b83994d!2z7JWEIOu5hOyXlO2GoCDsi5zrtoDslbwg7JW87LyAIOugiOyKpO2GoOuekQ!8m2!3d35.6585979!4d139.6996424!16s%2Fg%2F1tkrlsv8!3m5!1s0x60188bfa4ae94675:0x9f64e11ee9dc660a!8m2!3d35.6797983!4d139.764865!16s%2Fg%2F12q4vbg3q?entry=ttu&g_ep=EgoyMDI2MDQxNS4wIKXMDSoASAFQAw%3D%3D",1000,JPY,,,,,,
tokyo-tokyo-station-hichmabushi-nagoya,tokyo,Hitsumabushi Nagoya Binchō Marunouchi,히츠마부시 나고야 빈쵸 마루노우치빌딩점,food,lunch,activity|food|photo|culture|nature|shopping|local|popular,solo|couple|friends|parents|kids,35.6813871,139.7641144,45,60,90,2,tokyo-station,11:00,20:00,,"Hitsumabushi — Nagoya-style grilled eel, in Tokyo.",도쿄에서 히츠마부시 먹고 싶을 때 가기 좋은 곳,Afternoon break 14:30-17:00,오후 2시 30분부터 5시까지 브레이크 타임,,,"https://www.google.com/maps/place/%ED%9E%88%EC%B8%A0%EB%A7%88%EB%B6%80%EC%8B%9C+%EB%82%98%EA%B3%A0%EC%95%BC+%EB%B9%88%EC%B5%B8+%EB%A7%88%EB%A3%A8%EB%85%B8%EC%9A%B0%EC%B9%98%EB%B9%8C%EB%94%A9%EC%A0%90/@35.6813871,139.7641144,17.5z/data=!3m1!5s0x60188bf9ed64a86d:0x2370f67f71bdf831!4m14!1m7!3m6!1s0x60188b57c35f334f:0xe7014f98b83994d!2z7JWEIOu5hOyXlO2GoCDsi5zrtoDslbwg7JW87LyAIOugiOyKpO2GoOuekQ!8m2!3d35.6585979!4d139.6996424!16s%2Fg%2F1tkrlsv8!3m5!1s0x60188bd1aeaa95bd:0xb2651a0edf684184!8m2!3d35.6809522!4d139.7638136!16s%2Fg%2F11fd8gqvtr?entry=ttu&g_ep=EgoyMDI2MDQxNS4wIKXMDSoASAFQAw%3D%3D",5000,JPY,,,,,,
tokyo-tokyo-station-gokyo,tokyo,Imperial Palace (Kōkyo),고쿄,sight,,photo|budget|culture|nature,solo|couple|friends|parents|kids,35.6832497,139.7585658,30,60,150,2,tokyo-station,,,,"The Imperial Palace — Japan's emperor lives here, interior tours by reservation.","일왕의 거주지이고, 내부 투어도 가능",Book the interior tour online in advance,내부 투어는 미리 인터넷으로 예약 필요,,,"https://www.google.com/maps/place/%EA%B3%A0%EC%BF%84/@35.6832497,139.7585658,16.73z/data=!3m1!5s0x60188b57c56e558b:0xdb78b1ec2546ac0!4m14!1m7!3m6!1s0x60188b57c35f334f:0xe7014f98b83994d!2z7JWEIOu5hOyXlO2GoCDsi5zrtoDslbwg7JW87LyAIOugiOyKpO2GoOuekQ!8m2!3d35.6585979!4d139.6996424!16s%2Fg%2F1tkrlsv8!3m5!1s0x60188c0d02d8064d:0xd11a5f0b379e6db7!8m2!3d35.685175!4d139.7527995!16zL20vMDFuZjI5?entry=ttu&g_ep=EgoyMDI2MDQxNS4wIKXMDSoASAFQAw%3D%3D",500,JPY,,,,,,
tokyo-tokyo-station-starbuscks-gokyo,tokyo,Starbucks Coffee Kōkyo,스타벅스 커피 고쿄점,cafe,snack,activity|food|photo|culture|nature|shopping|local|popular,solo|couple|friends|parents|kids,35.6832497,139.7585658,45,60,90,3,tokyo-station,7:00,21:00,,The Starbucks by the Imperial Palace's outer gardens — nice setting.,야외 공원과 함께 있어 분위기 좋은 스타벅스,,,,,"https://www.google.com/maps/place/%EC%8A%A4%ED%83%80%EB%B2%85%EC%8A%A4+%EC%BB%A4%ED%94%BC+%EA%B3%A0%EC%BF%84%EA%B0%80%EC%9D%B4%EC%97%94+%EC%99%80%EB%8B%A4%EC%BF%A0%EB%9D%BC+%EB%B6%84%EC%88%98%EA%B3%B5%EC%9B%90%EC%A0%90/@35.6832497,139.7585658,16.73z/data=!3m1!5s0x60188b57c56e558b:0xdb78b1ec2546ac0!4m14!1m7!3m6!1s0x60188b57c35f334f:0xe7014f98b83994d!2z7JWEIOu5hOyXlO2GoCDsi5zrtoDslbwg7JW87LyAIOugiOyKpO2GoOuekQ!8m2!3d35.6585979!4d139.6996424!16s%2Fg%2F1tkrlsv8!3m5!1s0x60188b8cc54bda67:0x7546edc6b42a084c!8m2!3d35.6830391!4d139.7614181!16s%2Fg%2F11nxr5z76s?entry=ttu&g_ep=EgoyMDI2MDQxNS4wIKXMDSoASAFQAw%3D%3D",1000,JPY,,starbucks,,,,
tokyo-tokyo-station-nihonbashi-michcoshi,tokyo,Nihonbashi Mitsukoshi,니혼바시 미츠코시,shopping,,shopping|local,solo|couple|friends|parents|kids,35.6856331,139.7685587,60,90,120,4,tokyo-station,10:00,19:00,,"Japan's first department store, still operating.",일본 최초의 백화점으로 유명한 곳,,,,,"https://www.google.com/maps/place/%EB%8B%88%ED%98%BC%EB%B0%94%EC%8B%9C+%EB%AF%B8%EC%B8%A0%EC%BD%94%EC%8B%9C+%EB%B3%B8%EC%A0%90/@35.6856331,139.7685587,17z/data=!3m1!4b1!4m6!3m5!1s0x601889558bea7489:0xb736a8620645c5d3!8m2!3d35.6856332!4d139.7734296!16s%2Fg%2F11btrr6g36?entry=ttu&g_ep=EgoyMDI2MDQxNS4wIKXMDSoASAFQAw%3D%3D",0,JPY,,,,,,
